,0
DEYH_1725,0.0
DEYH_2864,0.0
DEYH_4376,0.0
KRQN_668,0.0
Rand_311,0.0
Rand_727,0.0
Rand_1550,0.0
Rand_2044,0.0
Rand_2889,0.0
Rand_2926,0.0
Rand_3022,0.0
Rand_3112,0.0
Rand_3214,0.0
Rand_3301,0.0
Rand_3816,0.0
Rand_4060,0.0
Rand_4251,0.0
Rand_4504,0.0
Rand_4673,0.0
Rand_4783,0.0
Rand_4987,0.0
DEYH_4080,1.0
KRQN_1770,1.0
KRQN_2346,1.0
KRQN_2672,1.0
KRQN_3639,1.0
KRQN_4989,1.0
Rand_280,1.0
Rand_317,1.0
Rand_368,1.0
Rand_1575,1.0
Rand_1588,1.0
Rand_3905,1.0
DEYH_273,2.0
KRQN_599,2.0
Rand_19,2.0
Rand_334,2.0
Rand_506,2.0
Rand_909,2.0
Rand_928,2.0
Rand_1710,2.0
Rand_1782,2.0
Rand_1873,2.0
Rand_2399,2.0
Rand_2454,2.0
Rand_2497,2.0
Rand_2766,2.0
Rand_3192,2.0
Rand_3373,2.0
Rand_3375,2.0
Rand_3556,2.0
Rand_3902,2.0
Rand_4261,2.0
Rand_4388,2.0
KRQN_314,3.0
KRQN_2242,3.0
KRQN_2902,3.0
KRQN_3559,3.0
KRQN_4224,3.0
KRQN_4381,3.0
Rand_77,3.0
Rand_315,3.0
Rand_810,3.0
Rand_1486,3.0
Rand_1733,3.0
Rand_1764,3.0
Rand_2009,3.0
Rand_2420,3.0
Rand_3428,3.0
Rand_3688,3.0
Rand_3926,3.0
Rand_4453,3.0
Rand_4482,3.0
KRQN_14,4.0
KRQN_206,4.0
KRQN_722,4.0
KRQN_969,4.0
KRQN_1595,4.0
KRQN_1813,4.0
KRQN_2012,4.0
KRQN_2023,4.0
KRQN_2108,4.0
KRQN_2127,4.0
KRQN_2466,4.0
KRQN_2804,4.0
KRQN_2990,4.0
KRQN_2995,4.0
KRQN_3001,4.0
KRQN_3037,4.0
KRQN_3518,4.0
KRQN_3871,4.0
KRQN_4256,4.0
KRQN_4426,4.0
Rand_2102,4.0
Rand_2220,4.0
Rand_476,5.0
Rand_761,5.0
Rand_970,5.0
Rand_1757,5.0
Rand_1927,5.0
Rand_2386,5.0
Rand_2673,5.0
Rand_3023,5.0
Rand_3776,5.0
Rand_4294,5.0
Rand_4518,5.0
Rand_4577,5.0
KRQN_34,6.0
KRQN_270,6.0
KRQN_631,6.0
KRQN_655,6.0
KRQN_756,6.0
KRQN_1667,6.0
KRQN_1989,6.0
KRQN_2003,6.0
KRQN_2354,6.0
KRQN_2808,6.0
KRQN_2943,6.0
KRQN_3089,6.0
KRQN_3411,6.0
KRQN_4067,6.0
KRQN_4130,6.0
KRQN_4137,6.0
KRQN_4589,6.0
Rand_117,6.0
Rand_2346,6.0
Rand_2501,6.0
Rand_2532,6.0
Rand_3614,6.0
KRQN_886,7.0
KRQN_915,7.0
KRQN_1068,7.0
KRQN_1085,7.0
KRQN_1944,7.0
KRQN_2053,7.0
KRQN_2470,7.0
KRQN_2639,7.0
KRQN_2674,7.0
KRQN_2701,7.0
KRQN_2718,7.0
KRQN_2838,7.0
KRQN_2883,7.0
KRQN_2982,7.0
KRQN_3490,7.0
KRQN_4644,7.0
KRQN_4700,7.0
KRQN_4769,7.0
KRQN_4928,7.0
Rand_3380,7.0
Rand_4656,7.0
DEYH_3008,8.0
KRQN_441,8.0
KRQN_3370,8.0
KRQN_4041,8.0
KRQN_4908,8.0
KRQN_4932,8.0
Rand_1474,8.0
Rand_2822,8.0
Rand_2929,8.0
Rand_3208,8.0
Rand_3587,8.0
Rand_4967,8.0
KRQN_101,9.0
KRQN_705,9.0
KRQN_812,9.0
KRQN_954,9.0
KRQN_1356,9.0
KRQN_1503,9.0
KRQN_1637,9.0
KRQN_1968,9.0
KRQN_2159,9.0
KRQN_2258,9.0
KRQN_2501,9.0
KRQN_2523,9.0
KRQN_2525,9.0
KRQN_2770,9.0
KRQN_3275,9.0
KRQN_3321,9.0
KRQN_4115,9.0
KRQN_4494,9.0
KRQN_4719,9.0
KRQN_4734,9.0
KRQN_4981,9.0
Rand_4170,9.0
KRQN_1189,10.0
KRQN_1495,10.0
KRQN_1658,10.0
KRQN_2280,10.0
KRQN_2846,10.0
KRQN_2989,10.0
KRQN_3445,10.0
KRQN_3486,10.0
KRQN_3825,10.0
KRQN_4213,10.0
KRQN_4286,10.0
KRQN_4736,10.0
KRQN_240,11.0
KRQN_448,11.0
KRQN_498,11.0
KRQN_1418,11.0
KRQN_1558,11.0
KRQN_1893,11.0
KRQN_2445,11.0
KRQN_2545,11.0
KRQN_2664,11.0
KRQN_2706,11.0
KRQN_2735,11.0
KRQN_2850,11.0
KRQN_4669,11.0
Rand_1762,11.0
KRQN_23,12.0
KRQN_910,12.0
KRQN_1332,12.0
KRQN_1477,12.0
Rand_859,12.0
Rand_1633,12.0
Rand_1696,12.0
Rand_1891,12.0
Rand_2008,12.0
Rand_3151,12.0
Rand_3295,12.0
Rand_3699,12.0
Rand_3928,12.0
Rand_4120,12.0
Rand_4221,12.0
Rand_4445,12.0
KRQN_308,13.0
KRQN_850,13.0
KRQN_858,13.0
KRQN_1578,13.0
KRQN_2107,13.0
KRQN_2457,13.0
KRQN_2785,13.0
KRQN_2944,13.0
KRQN_3961,13.0
KRQN_4004,13.0
KRQN_4120,13.0
KRQN_4351,13.0
KRQN_4469,13.0
KRQN_4638,13.0
KRQN_4670,13.0
KRQN_4802,13.0
KRQN_4903,13.0
Rand_1730,13.0
Rand_4401,13.0
KRQN_283,14.0
KRQN_1542,14.0
KRQN_2007,14.0
KRQN_2459,14.0
KRQN_3517,14.0
KRQN_3597,14.0
KRQN_3785,14.0
KRQN_4851,14.0
KRQN_4994,14.0
Rand_3763,14.0
KRQN_8,15.0
KRQN_131,15.0
KRQN_973,15.0
KRQN_1636,15.0
KRQN_1651,15.0
KRQN_1750,15.0
KRQN_2345,15.0
KRQN_3080,15.0
KRQN_3199,15.0
KRQN_3694,15.0
KRQN_4026,15.0
KRQN_4119,15.0
KRQN_4714,15.0
KRQN_4800,15.0
KRQN_4897,15.0
Rand_4417,15.0
KRQN_984,16.0
KRQN_1452,16.0
KRQN_2028,16.0
KRQN_2297,16.0
KRQN_2699,16.0
KRQN_3186,16.0
KRQN_3234,16.0
KRQN_3553,16.0
KRQN_3609,16.0
KRQN_3930,16.0
KRQN_4081,16.0
Rand_325,16.0
Rand_904,16.0
Rand_1101,16.0
Rand_3838,16.0
Rand_3875,16.0
KRQN_41,17.0
KRQN_130,17.0
KRQN_310,17.0
KRQN_1212,17.0
KRQN_1493,17.0
KRQN_1609,17.0
KRQN_2075,17.0
KRQN_2565,17.0
KRQN_2749,17.0
KRQN_2884,17.0
KRQN_2963,17.0
KRQN_3061,17.0
KRQN_3150,17.0
KRQN_3300,17.0
KRQN_3325,17.0
KRQN_3480,17.0
KRQN_3506,17.0
KRQN_3582,17.0
KRQN_3726,17.0
KRQN_3935,17.0
KRQN_4114,17.0
DEYH_2455,18.0
KRQN_356,18.0
KRQN_616,18.0
KRQN_623,18.0
KRQN_779,18.0
KRQN_796,18.0
KRQN_1599,18.0
KRQN_2887,18.0
KRQN_3719,18.0
KRQN_4463,18.0
KRQN_4562,18.0
KRQN_4773,18.0
KRQN_4906,18.0
Rand_367,18.0
Rand_4410,18.0
KRQN_77,19.0
KRQN_364,19.0
KRQN_1206,19.0
KRQN_1350,19.0
KRQN_1569,19.0
KRQN_1706,19.0
KRQN_1757,19.0
KRQN_2781,19.0
KRQN_2792,19.0
KRQN_2832,19.0
KRQN_3236,19.0
KRQN_3375,19.0
KRQN_4442,19.0
Rand_2746,19.0
KRQN_564,20.0
KRQN_565,20.0
KRQN_790,20.0
KRQN_2076,20.0
KRQN_2301,20.0
KRQN_3610,20.0
KRQN_3828,20.0
KRQN_4065,20.0
KRQN_4150,20.0
KRQN_4331,20.0
KRQN_4788,20.0
Rand_1002,20.0
Rand_1095,20.0
Rand_3913,20.0
Rand_4645,20.0
KRQN_144,21.0
KRQN_197,21.0
KRQN_211,21.0
KRQN_253,21.0
KRQN_296,21.0
KRQN_430,21.0
KRQN_496,21.0
KRQN_762,21.0
KRQN_809,21.0
KRQN_991,21.0
KRQN_1382,21.0
KRQN_1439,21.0
KRQN_1705,21.0
KRQN_1922,21.0
KRQN_1984,21.0
KRQN_2128,21.0
KRQN_2134,21.0
KRQN_2207,21.0
KRQN_2215,21.0
KRQN_2533,21.0
KRQN_2603,21.0
KRQN_2740,21.0
KRQN_2847,21.0
KRQN_3166,21.0
KRQN_3218,21.0
KRQN_3225,21.0
KRQN_3448,21.0
KRQN_3865,21.0
KRQN_3902,21.0
KRQN_3909,21.0
KRQN_4204,21.0
KRQN_4532,21.0
Rand_2017,21.0
KRQN_435,22.0
KRQN_537,22.0
KRQN_710,22.0
KRQN_882,22.0
KRQN_889,22.0
KRQN_1051,22.0
KRQN_1227,22.0
KRQN_1259,22.0
KRQN_1491,22.0
KRQN_1508,22.0
KRQN_1756,22.0
KRQN_2289,22.0
KRQN_3682,22.0
KRQN_3896,22.0
KRQN_4153,22.0
KRQN_4242,22.0
KRQN_4296,22.0
KRQN_4428,22.0
KRQN_4445,22.0
KRQN_4610,22.0
KRQN_4863,22.0
Rand_158,22.0
KRQN_18,23.0
KRQN_706,23.0
KRQN_816,23.0
KRQN_1195,23.0
KRQN_1970,23.0
KRQN_2030,23.0
KRQN_2118,23.0
KRQN_2458,23.0
KRQN_2779,23.0
KRQN_3184,23.0
KRQN_3393,23.0
KRQN_3666,23.0
KRQN_3688,23.0
KRQN_3844,23.0
KRQN_4128,23.0
KRQN_4271,23.0
KRQN_4603,23.0
KRQN_4973,23.0
KRQN_4975,23.0
KRQN_187,24.0
KRQN_770,24.0
KRQN_1028,24.0
KRQN_1351,24.0
KRQN_1725,24.0
KRQN_2199,24.0
KRQN_2873,24.0
KRQN_3134,24.0
KRQN_3551,24.0
KRQN_3686,24.0
KRQN_4027,24.0
KRQN_4270,24.0
KRQN_4333,24.0
KRQN_4568,24.0
KRQN_4786,24.0
KRQN_4886,24.0
KRQN_255,25.0
KRQN_920,25.0
KRQN_1237,25.0
KRQN_1628,25.0
KRQN_1892,25.0
KRQN_2282,25.0
KRQN_2386,25.0
KRQN_2506,25.0
KRQN_2550,25.0
KRQN_2893,25.0
KRQN_3021,25.0
KRQN_3056,25.0
KRQN_3156,25.0
KRQN_3272,25.0
KRQN_3327,25.0
KRQN_3742,25.0
KRQN_3781,25.0
KRQN_4181,25.0
KRQN_4243,25.0
KRQN_4277,25.0
KRQN_4403,25.0
KRQN_4986,25.0
KRQN_375,26.0
KRQN_514,26.0
KRQN_520,26.0
KRQN_938,26.0
KRQN_948,26.0
KRQN_1084,26.0
KRQN_1455,26.0
KRQN_1688,26.0
KRQN_1943,26.0
KRQN_2904,26.0
KRQN_3187,26.0
KRQN_3692,26.0
KRQN_3979,26.0
KRQN_4345,26.0
KRQN_4601,26.0
KRQN_4725,26.0
KRQN_4933,26.0
Rand_1393,26.0
Rand_2449,26.0
Rand_3754,26.0
Rand_3853,26.0
Rand_4092,26.0
Rand_4505,26.0
Rand_4770,26.0
KRQN_4322,27.0
Rand_558,27.0
Rand_658,27.0
Rand_905,27.0
Rand_963,27.0
Rand_996,27.0
Rand_1200,27.0
Rand_1528,27.0
Rand_2001,27.0
Rand_2065,27.0
Rand_2788,27.0
Rand_3983,27.0
Rand_4066,27.0
Rand_4328,27.0
Rand_4433,27.0
Rand_4724,27.0
DEYH_1173,28.0
KRQN_3834,28.0
Rand_318,28.0
Rand_441,28.0
Rand_1341,28.0
Rand_1492,28.0
Rand_1556,28.0
Rand_1718,28.0
Rand_2027,28.0
Rand_2331,28.0
Rand_2493,28.0
Rand_2634,28.0
Rand_2976,28.0
Rand_3560,28.0
Rand_3596,28.0
Rand_3635,28.0
Rand_3666,28.0
Rand_3724,28.0
Rand_4205,28.0
Rand_4468,28.0
Rand_4683,28.0
Rand_4946,28.0
KRQN_4405,29.0
Rand_781,29.0
Rand_785,29.0
Rand_1317,29.0
Rand_2591,29.0
Rand_2669,29.0
Rand_3016,29.0
Rand_3108,29.0
Rand_3390,29.0
Rand_3785,29.0
Rand_3824,29.0
Rand_3864,29.0
Rand_4249,29.0
Rand_4400,29.0
Rand_4581,29.0
Rand_4612,29.0
Rand_4738,29.0
Rand_4740,29.0
Rand_631,30.0
Rand_1067,30.0
Rand_1202,30.0
Rand_1244,30.0
Rand_1344,30.0
Rand_1383,30.0
Rand_2471,30.0
Rand_2986,30.0
Rand_3005,30.0
Rand_4614,30.0
Rand_4969,30.0
DEYH_331,31.0
DEYH_3953,31.0
KRQN_1409,31.0
KRQN_1552,31.0
KRQN_1729,31.0
Rand_137,31.0
Rand_379,31.0
Rand_409,31.0
Rand_417,31.0
Rand_425,31.0
Rand_602,31.0
Rand_843,31.0
Rand_1214,31.0
Rand_1271,31.0
Rand_1340,31.0
Rand_1478,31.0
Rand_1561,31.0
Rand_1897,31.0
Rand_2035,31.0
Rand_2099,31.0
Rand_2249,31.0
Rand_2330,31.0
Rand_2792,31.0
Rand_2867,31.0
Rand_2930,31.0
Rand_3028,31.0
Rand_3057,31.0
Rand_3153,31.0
Rand_3509,31.0
Rand_4040,31.0
Rand_4113,31.0
Rand_4267,31.0
Rand_4283,31.0
Rand_4336,31.0
Rand_4347,31.0
Rand_4358,31.0
Rand_4362,31.0
Rand_4481,31.0
Rand_4563,31.0
Rand_4700,31.0
Rand_4937,31.0
DEYH_827,32.0
KRQN_563,32.0
Rand_349,32.0
Rand_1014,32.0
Rand_1565,32.0
Rand_2010,32.0
Rand_2267,32.0
Rand_3074,32.0
Rand_3408,32.0
Rand_3812,32.0
Rand_4050,32.0
Rand_4450,32.0
DEYH_1268,33.0
DEYH_1618,33.0
DEYH_3210,33.0
DEYH_4758,33.0
Rand_0,33.0
Rand_95,33.0
Rand_152,33.0
Rand_244,33.0
Rand_402,33.0
Rand_635,33.0
Rand_730,33.0
Rand_744,33.0
Rand_896,33.0
Rand_981,33.0
Rand_1132,33.0
Rand_1152,33.0
Rand_1493,33.0
Rand_1568,33.0
Rand_1597,33.0
Rand_1864,33.0
Rand_2297,33.0
Rand_2312,33.0
Rand_2419,33.0
Rand_2476,33.0
Rand_3100,33.0
Rand_3352,33.0
Rand_3438,33.0
Rand_3550,33.0
Rand_3683,33.0
Rand_3711,33.0
Rand_3757,33.0
Rand_4158,33.0
Rand_4420,33.0
Rand_4434,33.0
Rand_4689,33.0
Rand_4691,33.0
Rand_4729,33.0
Rand_4821,33.0
Rand_4852,33.0
Rand_4871,33.0
Rand_508,34.0
Rand_1722,34.0
Rand_2192,34.0
Rand_2366,34.0
Rand_2429,34.0
Rand_2648,34.0
Rand_2737,34.0
Rand_3149,34.0
Rand_3733,34.0
Rand_4176,34.0
Rand_4560,34.0
Rand_4623,34.0
DEYH_790,35.0
DEYH_1971,35.0
DEYH_2555,35.0
DEYH_2647,35.0
DEYH_3289,35.0
DEYH_3360,35.0
DEYH_3747,35.0
DEYH_3763,35.0
DEYH_4197,35.0
DEYH_4663,35.0
KRQN_667,35.0
Rand_582,35.0
Rand_823,35.0
Rand_2835,35.0
Rand_3116,35.0
Rand_3305,35.0
Rand_3617,35.0
Rand_4085,35.0
Rand_4715,35.0
Rand_4867,35.0
Rand_1046,36.0
Rand_1216,36.0
Rand_1526,36.0
Rand_2490,36.0
Rand_2642,36.0
Rand_2842,36.0
Rand_3243,36.0
Rand_3361,36.0
Rand_3766,36.0
Rand_4053,36.0
Rand_4150,36.0
Rand_4324,36.0
Rand_4457,36.0
Rand_4784,36.0
Rand_4843,36.0
Rand_4859,36.0
Rand_4888,36.0
KRQN_2898,37.0
Rand_729,37.0
Rand_1036,37.0
Rand_2091,37.0
Rand_2370,37.0
Rand_3386,37.0
Rand_4159,37.0
Rand_4291,37.0
Rand_4355,37.0
Rand_4491,37.0
Rand_4766,37.0
DEYH_466,38.0
Rand_408,38.0
Rand_559,38.0
Rand_1063,38.0
Rand_1353,38.0
Rand_1377,38.0
Rand_1461,38.0
Rand_1634,38.0
Rand_1695,38.0
Rand_2085,38.0
Rand_2730,38.0
Rand_2796,38.0
Rand_3863,38.0
Rand_4008,38.0
Rand_4226,38.0
Rand_4472,38.0
Rand_4650,38.0
Rand_4688,38.0
Rand_4919,38.0
DEYH_396,39.0
DEYH_1157,39.0
DEYH_3308,39.0
DEYH_3886,39.0
Rand_64,39.0
Rand_483,39.0
Rand_3102,39.0
Rand_3932,39.0
Rand_4160,39.0
Rand_4868,39.0
Rand_4899,39.0
DEYH_1137,40.0
DEYH_1650,40.0
DEYH_2316,40.0
DEYH_3596,40.0
DEYH_4196,40.0
DEYH_4799,40.0
Rand_121,40.0
Rand_684,40.0
Rand_2252,40.0
Rand_2838,40.0
Rand_4965,40.0
DEYH_82,41.0
DEYH_495,41.0
DEYH_545,41.0
DEYH_855,41.0
DEYH_1230,41.0
DEYH_1301,41.0
DEYH_2828,41.0
DEYH_3724,41.0
DEYH_3725,41.0
DEYH_4076,41.0
DEYH_4903,41.0
DEYH_4967,41.0
Rand_1027,41.0
DEYH_145,42.0
DEYH_246,42.0
DEYH_593,42.0
DEYH_1081,42.0
DEYH_1101,42.0
DEYH_1981,42.0
DEYH_2426,42.0
DEYH_2629,42.0
DEYH_4619,42.0
Rand_977,42.0
DEYH_19,43.0
DEYH_352,43.0
DEYH_464,43.0
DEYH_801,43.0
DEYH_1820,43.0
DEYH_2014,43.0
DEYH_2192,43.0
DEYH_2262,43.0
DEYH_2372,43.0
DEYH_2522,43.0
DEYH_3486,43.0
DEYH_3671,43.0
DEYH_4303,43.0
DEYH_4668,43.0
DEYH_4858,43.0
DEYH_98,44.0
DEYH_191,44.0
DEYH_867,44.0
DEYH_893,44.0
DEYH_935,44.0
DEYH_1046,44.0
DEYH_1228,44.0
DEYH_1912,44.0
DEYH_2016,44.0
DEYH_2783,44.0
DEYH_2892,44.0
DEYH_3047,44.0
DEYH_3073,44.0
DEYH_3112,44.0
DEYH_3113,44.0
DEYH_3142,44.0
DEYH_3769,44.0
DEYH_4178,44.0
DEYH_4390,44.0
KRQN_1448,44.0
DEYH_49,45.0
DEYH_54,45.0
DEYH_102,45.0
DEYH_221,45.0
DEYH_237,45.0
DEYH_631,45.0
DEYH_647,45.0
DEYH_992,45.0
DEYH_1394,45.0
DEYH_1508,45.0
DEYH_2454,45.0
DEYH_2701,45.0
DEYH_2730,45.0
DEYH_2886,45.0
DEYH_3314,45.0
DEYH_3734,45.0
DEYH_3986,45.0
DEYH_4448,45.0
DEYH_4499,45.0
DEYH_4708,45.0
DEYH_4733,45.0
DEYH_4898,45.0
Rand_275,45.0
Rand_1593,45.0
Rand_2724,45.0
Rand_2731,45.0
Rand_2850,45.0
Rand_3335,45.0
Rand_3793,45.0
Rand_4181,45.0
DEYH_26,46.0
DEYH_34,46.0
DEYH_359,46.0
DEYH_625,46.0
DEYH_1218,46.0
DEYH_1413,46.0
DEYH_1433,46.0
DEYH_1628,46.0
DEYH_1799,46.0
DEYH_1913,46.0
DEYH_2010,46.0
DEYH_2359,46.0
DEYH_2622,46.0
DEYH_2994,46.0
DEYH_3437,46.0
DEYH_3576,46.0
DEYH_3857,46.0
DEYH_4869,46.0
DEYH_4902,46.0
DEYH_541,47.0
DEYH_1278,47.0
DEYH_1527,47.0
DEYH_2075,47.0
DEYH_2461,47.0
DEYH_3156,47.0
DEYH_3390,47.0
DEYH_3631,47.0
DEYH_4406,47.0
DEYH_4962,47.0
Rand_2614,47.0
Rand_4289,47.0
DEYH_39,48.0
DEYH_44,48.0
DEYH_65,48.0
DEYH_77,48.0
DEYH_363,48.0
DEYH_701,48.0
DEYH_892,48.0
DEYH_1025,48.0
DEYH_1096,48.0
DEYH_1190,48.0
DEYH_1490,48.0
DEYH_1505,48.0
DEYH_1535,48.0
DEYH_1842,48.0
DEYH_1988,48.0
DEYH_2026,48.0
DEYH_2297,48.0
DEYH_2624,48.0
DEYH_2646,48.0
DEYH_2757,48.0
DEYH_2919,48.0
DEYH_3172,48.0
DEYH_3244,48.0
DEYH_3454,48.0
DEYH_3469,48.0
DEYH_3579,48.0
DEYH_3610,48.0
DEYH_3716,48.0
DEYH_3731,48.0
DEYH_3835,48.0
DEYH_4135,48.0
DEYH_4396,48.0
DEYH_4443,48.0
DEYH_4445,48.0
Rand_177,49.0
Rand_452,49.0
Rand_651,49.0
Rand_879,49.0
Rand_1370,49.0
Rand_2114,49.0
Rand_2141,49.0
Rand_2558,49.0
Rand_2927,49.0
Rand_3366,49.0
Rand_4003,49.0
Rand_4327,49.0
Rand_4827,49.0
Rand_4886,49.0
DEYH_104,50.0
DEYH_859,50.0
DEYH_3580,50.0
DEYH_4833,50.0
Rand_3,50.0
Rand_536,50.0
Rand_865,50.0
Rand_1415,50.0
Rand_1452,50.0
Rand_1494,50.0
Rand_2470,50.0
Rand_2536,50.0
Rand_3178,50.0
Rand_3671,50.0
Rand_4106,50.0
Rand_4342,50.0
Rand_4532,50.0
KRQN_664,51.0
KRQN_1232,51.0
KRQN_1713,51.0
KRQN_2195,51.0
KRQN_2261,51.0
KRQN_2393,51.0
KRQN_2487,51.0
KRQN_2908,51.0
KRQN_2940,51.0
KRQN_3065,51.0
KRQN_3953,51.0
KRQN_4163,51.0
KRQN_4934,51.0
Rand_3612,51.0
Rand_4204,51.0
Rand_4794,51.0
KRQN_183,52.0
KRQN_259,52.0
KRQN_584,52.0
KRQN_646,52.0
KRQN_794,52.0
KRQN_960,52.0
KRQN_1020,52.0
KRQN_1037,52.0
KRQN_1236,52.0
KRQN_1602,52.0
KRQN_1859,52.0
KRQN_2347,52.0
KRQN_2513,52.0
KRQN_2576,52.0
KRQN_2630,52.0
KRQN_3130,52.0
KRQN_3216,52.0
KRQN_3230,52.0
KRQN_3238,52.0
KRQN_3574,52.0
KRQN_3644,52.0
KRQN_4287,52.0
KRQN_4363,52.0
KRQN_4702,52.0
DEYH_4807,53.0
KRQN_595,53.0
KRQN_610,53.0
KRQN_614,53.0
KRQN_902,53.0
KRQN_1029,53.0
KRQN_1224,53.0
KRQN_1788,53.0
KRQN_2969,53.0
KRQN_2997,53.0
KRQN_3603,53.0
KRQN_3640,53.0
KRQN_3941,53.0
KRQN_4386,53.0
KRQN_4413,53.0
KRQN_4627,53.0
KRQN_4708,53.0
KRQN_4905,53.0
Rand_2389,53.0
Rand_4496,53.0
KRQN_956,54.0
KRQN_1225,54.0
KRQN_1416,54.0
KRQN_1780,54.0
KRQN_1787,54.0
KRQN_3371,54.0
KRQN_3402,54.0
KRQN_3584,54.0
KRQN_3593,54.0
KRQN_3716,54.0
Rand_265,54.0
Rand_1368,54.0
KRQN_273,55.0
KRQN_366,55.0
KRQN_1322,55.0
KRQN_1489,55.0
KRQN_1565,55.0
KRQN_2203,55.0
KRQN_2220,55.0
KRQN_2743,55.0
KRQN_3557,55.0
KRQN_3580,55.0
KRQN_3898,55.0
KRQN_4072,55.0
KRQN_4185,55.0
KRQN_4421,55.0
KRQN_4576,55.0
Rand_128,55.0
Rand_2485,55.0
Rand_2508,55.0
KRQN_9,56.0
KRQN_95,56.0
KRQN_185,56.0
KRQN_258,56.0
KRQN_382,56.0
KRQN_440,56.0
KRQN_508,56.0
KRQN_591,56.0
KRQN_713,56.0
KRQN_714,56.0
KRQN_989,56.0
KRQN_1090,56.0
KRQN_1094,56.0
KRQN_1587,56.0
KRQN_1652,56.0
KRQN_2167,56.0
KRQN_2524,56.0
KRQN_2579,56.0
KRQN_3034,56.0
KRQN_3059,56.0
KRQN_3409,56.0
KRQN_3749,56.0
KRQN_3846,56.0
KRQN_3993,56.0
KRQN_4053,56.0
KRQN_4591,56.0
KRQN_4615,56.0
Rand_1976,56.0
Rand_4238,56.0
KRQN_348,57.0
KRQN_465,57.0
KRQN_769,57.0
KRQN_1078,57.0
KRQN_1777,57.0
KRQN_1866,57.0
KRQN_2096,57.0
KRQN_2833,57.0
KRQN_2978,57.0
KRQN_3271,57.0
KRQN_3329,57.0
KRQN_3336,57.0
KRQN_3929,57.0
KRQN_4476,57.0
KRQN_876,58.0
KRQN_928,58.0
KRQN_1699,58.0
KRQN_1753,58.0
KRQN_1978,58.0
KRQN_2360,58.0
KRQN_2939,58.0
KRQN_3591,58.0
KRQN_3710,58.0
KRQN_4289,58.0
KRQN_25,59.0
KRQN_55,59.0
KRQN_66,59.0
KRQN_170,59.0
KRQN_180,59.0
KRQN_260,59.0
KRQN_747,59.0
KRQN_775,59.0
KRQN_919,59.0
KRQN_967,59.0
KRQN_1150,59.0
KRQN_1284,59.0
KRQN_1340,59.0
KRQN_1420,59.0
KRQN_1465,59.0
KRQN_1520,59.0
KRQN_1697,59.0
KRQN_1723,59.0
KRQN_1781,59.0
KRQN_1827,59.0
KRQN_1947,59.0
KRQN_2166,59.0
KRQN_2421,59.0
KRQN_2544,59.0
KRQN_2595,59.0
KRQN_2613,59.0
KRQN_2665,59.0
KRQN_2669,59.0
KRQN_2729,59.0
KRQN_2778,59.0
KRQN_2796,59.0
KRQN_2835,59.0
KRQN_2867,59.0
KRQN_2896,59.0
KRQN_3384,59.0
KRQN_3520,59.0
KRQN_3624,59.0
KRQN_3643,59.0
KRQN_3670,59.0
KRQN_3915,59.0
KRQN_3978,59.0
KRQN_4251,59.0
KRQN_4404,59.0
KRQN_4424,59.0
KRQN_4578,59.0
KRQN_4650,59.0
KRQN_4758,59.0
KRQN_4911,59.0
KRQN_418,60.0
KRQN_497,60.0
KRQN_533,60.0
KRQN_687,60.0
KRQN_735,60.0
KRQN_961,60.0
KRQN_2333,60.0
KRQN_2484,60.0
KRQN_2819,60.0
KRQN_2942,60.0
Rand_1434,60.0
KRQN_419,61.0
KRQN_598,61.0
KRQN_1801,61.0
KRQN_1928,61.0
KRQN_2233,61.0
KRQN_2239,61.0
KRQN_2340,61.0
KRQN_2657,61.0
KRQN_2714,61.0
KRQN_3403,61.0
KRQN_3598,61.0
KRQN_3660,61.0
KRQN_3790,61.0
KRQN_3938,61.0
KRQN_4016,61.0
KRQN_4035,61.0
KRQN_4175,61.0
KRQN_4382,61.0
KRQN_4699,61.0
KRQN_4787,61.0
KRQN_4862,61.0
KRQN_4937,61.0
Rand_4310,61.0
KRQN_292,62.0
KRQN_1518,62.0
KRQN_2022,62.0
KRQN_2465,62.0
KRQN_2694,62.0
KRQN_3010,62.0
KRQN_3579,62.0
KRQN_3680,62.0
KRQN_3997,62.0
KRQN_4126,62.0
KRQN_4335,62.0
KRQN_4812,62.0
KRQN_539,63.0
KRQN_895,63.0
KRQN_1267,63.0
KRQN_1398,63.0
KRQN_1555,63.0
KRQN_1734,63.0
KRQN_1741,63.0
KRQN_2018,63.0
KRQN_2037,63.0
KRQN_2256,63.0
KRQN_2329,63.0
KRQN_2358,63.0
KRQN_2543,63.0
KRQN_2596,63.0
KRQN_2686,63.0
KRQN_2983,63.0
KRQN_3180,63.0
KRQN_3307,63.0
KRQN_3432,63.0
KRQN_3454,63.0
KRQN_3667,63.0
KRQN_3751,63.0
KRQN_4371,63.0
KRQN_4417,63.0
KRQN_4563,63.0
KRQN_4718,63.0
KRQN_4822,63.0
KRQN_313,64.0
KRQN_409,64.0
KRQN_864,64.0
KRQN_996,64.0
KRQN_1022,64.0
KRQN_1062,64.0
KRQN_1141,64.0
KRQN_1208,64.0
KRQN_1563,64.0
KRQN_1695,64.0
KRQN_2268,64.0
KRQN_2275,64.0
KRQN_2313,64.0
KRQN_2890,64.0
KRQN_2996,64.0
KRQN_3019,64.0
KRQN_3632,64.0
KRQN_4028,64.0
KRQN_4135,64.0
KRQN_4448,64.0
KRQN_4656,64.0
KRQN_4673,64.0
KRQN_4770,64.0
KRQN_4884,64.0
KRQN_1575,65.0
KRQN_1716,65.0
KRQN_2231,65.0
KRQN_2578,65.0
KRQN_2632,65.0
KRQN_2951,65.0
KRQN_3100,65.0
KRQN_3452,65.0
Rand_1595,65.0
Rand_1778,65.0
KRQN_516,66.0
KRQN_628,66.0
KRQN_1514,66.0
KRQN_1815,66.0
KRQN_1885,66.0
KRQN_2411,66.0
KRQN_2535,66.0
KRQN_2728,66.0
KRQN_2738,66.0
KRQN_2865,66.0
KRQN_3488,66.0
KRQN_3681,66.0
KRQN_4000,66.0
KRQN_4051,66.0
KRQN_4245,66.0
KRQN_4389,66.0
KRQN_4540,66.0
Rand_2340,66.0
Rand_3298,66.0
Rand_3735,66.0
Rand_4180,66.0
Rand_4203,66.0
Rand_4616,66.0
KRQN_777,67.0
KRQN_786,67.0
KRQN_1031,67.0
KRQN_1186,67.0
KRQN_1349,67.0
KRQN_1553,67.0
KRQN_1849,67.0
KRQN_1913,67.0
KRQN_2006,67.0
KRQN_2047,67.0
KRQN_2322,67.0
KRQN_2473,67.0
KRQN_2521,67.0
KRQN_2575,67.0
KRQN_2744,67.0
KRQN_3232,67.0
KRQN_4060,67.0
KRQN_4518,67.0
KRQN_4545,67.0
KRQN_4664,67.0
KRQN_129,68.0
KRQN_958,68.0
KRQN_1727,68.0
KRQN_2226,68.0
KRQN_2679,68.0
KRQN_3285,68.0
KRQN_3351,68.0
KRQN_3630,68.0
KRQN_4264,68.0
Rand_3279,68.0
Rand_4782,68.0
KRQN_1007,69.0
KRQN_1014,69.0
KRQN_1101,69.0
KRQN_1222,69.0
KRQN_1773,69.0
KRQN_2447,69.0
KRQN_2899,69.0
KRQN_3342,69.0
KRQN_3858,69.0
KRQN_4626,69.0
KRQN_4821,69.0
Rand_2404,69.0
Rand_3658,69.0
Rand_4541,69.0
Rand_4963,69.0
KRQN_232,70.0
KRQN_635,70.0
KRQN_870,70.0
KRQN_1660,70.0
KRQN_2083,70.0
KRQN_3044,70.0
KRQN_3101,70.0
KRQN_4332,70.0
KRQN_4636,70.0
KRQN_4667,70.0
KRQN_59,71.0
KRQN_153,71.0
KRQN_325,71.0
KRQN_1003,71.0
KRQN_1115,71.0
KRQN_1393,71.0
KRQN_2026,71.0
KRQN_2073,71.0
KRQN_2858,71.0
KRQN_3018,71.0
KRQN_3483,71.0
KRQN_4021,71.0
KRQN_4557,71.0
KRQN_4665,71.0
Rand_106,71.0
Rand_777,71.0
KRQN_186,72.0
KRQN_214,72.0
KRQN_398,72.0
KRQN_1058,72.0
KRQN_2442,72.0
KRQN_2503,72.0
KRQN_4628,72.0
Rand_278,72.0
Rand_4341,72.0
Rand_4971,72.0
KRQN_327,73.0
KRQN_590,73.0
KRQN_596,73.0
KRQN_1270,73.0
KRQN_2515,73.0
KRQN_2690,73.0
KRQN_2949,73.0
KRQN_3328,73.0
KRQN_3498,73.0
KRQN_3558,73.0
KRQN_4253,73.0
KRQN_4357,73.0
KRQN_4374,73.0
KRQN_4377,73.0
KRQN_4782,73.0
KRQN_4982,73.0
Rand_4268,73.0
KRQN_28,74.0
KRQN_157,74.0
KRQN_261,74.0
KRQN_451,74.0
KRQN_494,74.0
KRQN_701,74.0
KRQN_931,74.0
KRQN_1125,74.0
KRQN_1294,74.0
KRQN_1564,74.0
KRQN_1581,74.0
KRQN_1929,74.0
KRQN_2020,74.0
KRQN_2274,74.0
KRQN_2315,74.0
KRQN_2769,74.0
KRQN_3623,74.0
KRQN_3802,74.0
KRQN_3904,74.0
KRQN_4235,74.0
KRQN_4617,74.0
DEYH_494,75.0
KRQN_425,75.0
KRQN_500,75.0
KRQN_1778,75.0
KRQN_2085,75.0
KRQN_2155,75.0
KRQN_3172,75.0
KRQN_3276,75.0
KRQN_3320,75.0
KRQN_3456,75.0
KRQN_3560,75.0
KRQN_3664,75.0
KRQN_4324,75.0
KRQN_4597,75.0
KRQN_4611,75.0
KRQN_4624,75.0
KRQN_4743,75.0
KRQN_4766,75.0
KRQN_4856,75.0
Rand_98,75.0
Rand_333,75.0
Rand_454,75.0
Rand_944,75.0
DEYH_1580,76.0
DEYH_1925,76.0
DEYH_2967,76.0
DEYH_3304,76.0
DEYH_3501,76.0
DEYH_4163,76.0
DEYH_4340,76.0
DEYH_4617,76.0
DEYH_4636,76.0
KRQN_2323,76.0
Rand_453,76.0
Rand_1313,76.0
Rand_2644,76.0
Rand_2738,76.0
Rand_3164,76.0
Rand_3180,76.0
Rand_3687,76.0
Rand_4103,76.0
DEYH_43,77.0
DEYH_468,77.0
DEYH_505,77.0
DEYH_526,77.0
DEYH_1117,77.0
DEYH_1130,77.0
DEYH_1632,77.0
DEYH_1635,77.0
DEYH_2681,77.0
DEYH_3014,77.0
DEYH_3183,77.0
DEYH_3488,77.0
DEYH_3657,77.0
DEYH_4104,77.0
DEYH_4207,77.0
Rand_1351,77.0
KRQN_872,78.0
KRQN_1036,78.0
KRQN_1454,78.0
KRQN_1950,78.0
KRQN_2038,78.0
KRQN_3103,78.0
KRQN_3473,78.0
KRQN_3658,78.0
KRQN_3855,78.0
KRQN_4093,78.0
Rand_511,78.0
Rand_3545,78.0
Rand_4151,78.0
Rand_4166,78.0
Rand_4378,78.0
Rand_4403,78.0
DEYH_1956,79.0
KRQN_167,79.0
KRQN_2570,79.0
Rand_8,79.0
Rand_373,79.0
Rand_668,79.0
Rand_1029,79.0
Rand_1390,79.0
Rand_1702,79.0
Rand_1707,79.0
Rand_1898,79.0
Rand_1975,79.0
Rand_2175,79.0
Rand_2254,79.0
Rand_2833,79.0
Rand_2857,79.0
Rand_3155,79.0
Rand_3274,79.0
Rand_3294,79.0
Rand_3358,79.0
Rand_3446,79.0
Rand_3742,79.0
Rand_3858,79.0
Rand_4620,79.0
Rand_4894,79.0
DEYH_1279,80.0
DEYH_1622,80.0
DEYH_1892,80.0
DEYH_2325,80.0
DEYH_2912,80.0
DEYH_3993,80.0
DEYH_4616,80.0
DEYH_4641,80.0
DEYH_4900,80.0
KRQN_191,80.0
Rand_436,80.0
Rand_470,80.0
Rand_645,80.0
Rand_1021,80.0
Rand_2049,80.0
Rand_2131,80.0
Rand_2573,80.0
Rand_3169,80.0
Rand_4849,80.0
DEYH_1351,81.0
KRQN_148,81.0
Rand_173,81.0
Rand_622,81.0
Rand_980,81.0
Rand_1125,81.0
Rand_1678,81.0
Rand_2397,81.0
Rand_2956,81.0
Rand_3915,81.0
Rand_4344,81.0
Rand_4912,81.0
KRQN_1235,82.0
KRQN_3500,82.0
Rand_90,82.0
Rand_447,82.0
Rand_1329,82.0
Rand_1642,82.0
Rand_1705,82.0
Rand_1834,82.0
Rand_2395,82.0
Rand_3140,82.0
Rand_3259,82.0
Rand_3306,82.0
Rand_4026,82.0
Rand_4193,82.0
Rand_4325,82.0
Rand_4651,82.0
Rand_4668,82.0
KRQN_2400,83.0
KRQN_2450,83.0
KRQN_3111,83.0
KRQN_4904,83.0
Rand_50,83.0
Rand_343,83.0
Rand_1473,83.0
Rand_1754,83.0
Rand_1795,83.0
Rand_1799,83.0
Rand_1888,83.0
Rand_2005,83.0
Rand_4735,83.0
Rand_4757,83.0
Rand_4767,83.0
Rand_4773,83.0
DEYH_1226,84.0
DEYH_1849,84.0
DEYH_2096,84.0
DEYH_2785,84.0
DEYH_3046,84.0
DEYH_3796,84.0
DEYH_3948,84.0
DEYH_4220,84.0
DEYH_4528,84.0
KRQN_1991,84.0
Rand_2741,84.0
Rand_3557,84.0
Rand_426,85.0
Rand_768,85.0
Rand_1074,85.0
Rand_1719,85.0
Rand_2713,85.0
Rand_3359,85.0
Rand_3554,85.0
Rand_4575,85.0
Rand_4764,85.0
Rand_4940,85.0
DEYH_3331,86.0
KRQN_2151,86.0
KRQN_2829,86.0
KRQN_3066,86.0
KRQN_3966,86.0
Rand_74,86.0
Rand_189,86.0
Rand_199,86.0
Rand_571,86.0
Rand_2025,86.0
Rand_2212,86.0
Rand_2253,86.0
Rand_2472,86.0
Rand_2509,86.0
Rand_2772,86.0
Rand_2786,86.0
Rand_3488,86.0
Rand_4229,86.0
Rand_4525,86.0
Rand_4585,86.0
DEYH_1458,87.0
DEYH_3541,87.0
DEYH_4463,87.0
DEYH_4513,87.0
DEYH_4595,87.0
KRQN_1475,87.0
KRQN_1858,87.0
KRQN_2727,87.0
KRQN_3132,87.0
KRQN_3136,87.0
KRQN_4586,87.0
Rand_101,87.0
Rand_647,87.0
Rand_927,87.0
Rand_1044,87.0
Rand_1059,87.0
Rand_1322,87.0
Rand_1339,87.0
Rand_1359,87.0
Rand_1717,87.0
Rand_2164,87.0
Rand_2464,87.0
Rand_2811,87.0
Rand_2896,87.0
Rand_3219,87.0
Rand_3404,87.0
Rand_3813,87.0
Rand_3938,87.0
Rand_4818,87.0
DEYH_9,88.0
KRQN_795,88.0
KRQN_2051,88.0
KRQN_2750,88.0
KRQN_3905,88.0
KRQN_4554,88.0
KRQN_4582,88.0
Rand_1622,88.0
Rand_2951,88.0
Rand_3901,88.0
Rand_4012,88.0
Rand_4372,88.0
Rand_4785,88.0
Rand_4791,88.0
KRQN_251,89.0
KRQN_707,89.0
KRQN_1035,89.0
KRQN_1535,89.0
KRQN_2267,89.0
KRQN_2417,89.0
KRQN_2538,89.0
KRQN_2599,89.0
KRQN_2746,89.0
KRQN_3141,89.0
KRQN_4657,89.0
KRQN_4772,89.0
Rand_2705,89.0
KRQN_65,90.0
KRQN_592,90.0
KRQN_752,90.0
KRQN_1501,90.0
KRQN_1863,90.0
KRQN_2422,90.0
KRQN_2783,90.0
KRQN_3466,90.0
KRQN_3576,90.0
KRQN_3600,90.0
KRQN_3872,90.0
Rand_194,90.0
Rand_1645,90.0
Rand_2697,90.0
Rand_2901,90.0
Rand_3019,90.0
Rand_4599,90.0
KRQN_4593,91.0
Rand_1527,91.0
Rand_3020,91.0
Rand_3378,91.0
Rand_3393,91.0
Rand_3595,91.0
Rand_3691,91.0
Rand_4300,91.0
Rand_4557,91.0
Rand_4804,91.0
DEYH_544,92.0
DEYH_1209,92.0
DEYH_1246,92.0
DEYH_1283,92.0
DEYH_1420,92.0
DEYH_2746,92.0
DEYH_2806,92.0
DEYH_2807,92.0
DEYH_3184,92.0
DEYH_3192,92.0
DEYH_3377,92.0
DEYH_3651,92.0
DEYH_4013,92.0
Rand_967,92.0
Rand_1308,92.0
Rand_2286,92.0
Rand_3353,92.0
Rand_3767,92.0
DEYH_344,93.0
DEYH_581,93.0
DEYH_1467,93.0
DEYH_2082,93.0
DEYH_2375,93.0
DEYH_3760,93.0
DEYH_4377,93.0
DEYH_4470,93.0
DEYH_4810,93.0
Rand_2013,93.0
Rand_2268,93.0
Rand_2883,93.0
Rand_3101,93.0
Rand_3730,93.0
Rand_4353,93.0
DEYH_120,94.0
DEYH_735,94.0
DEYH_1104,94.0
DEYH_1162,94.0
DEYH_1382,94.0
DEYH_1389,94.0
DEYH_1418,94.0
DEYH_1740,94.0
DEYH_2176,94.0
DEYH_2998,94.0
DEYH_3165,94.0
DEYH_3340,94.0
DEYH_3620,94.0
DEYH_4062,94.0
DEYH_4364,94.0
DEYH_4599,94.0
KRQN_3924,94.0
Rand_141,94.0
Rand_799,94.0
Rand_979,94.0
Rand_1127,94.0
Rand_4257,94.0
Rand_4303,94.0
Rand_4697,94.0
DEYH_925,95.0
DEYH_1020,95.0
DEYH_3743,95.0
KRQN_1070,95.0
KRQN_2040,95.0
KRQN_2200,95.0
Rand_853,95.0
Rand_2874,95.0
Rand_3368,95.0
Rand_4075,95.0
KRQN_21,96.0
KRQN_403,96.0
KRQN_421,96.0
KRQN_588,96.0
KRQN_1468,96.0
KRQN_3035,96.0
KRQN_3124,96.0
KRQN_3842,96.0
KRQN_4069,96.0
KRQN_4116,96.0
KRQN_4302,96.0
KRQN_4475,96.0
KRQN_4575,96.0
Rand_274,96.0
Rand_869,96.0
Rand_978,96.0
Rand_1395,96.0
Rand_1691,96.0
Rand_2864,96.0
Rand_3021,96.0
Rand_4299,96.0
DEYH_144,97.0
DEYH_523,97.0
DEYH_618,97.0
DEYH_1553,97.0
DEYH_1719,97.0
DEYH_1741,97.0
DEYH_1860,97.0
DEYH_2225,97.0
DEYH_2731,97.0
DEYH_2853,97.0
DEYH_3198,97.0
DEYH_3328,97.0
DEYH_3366,97.0
DEYH_3672,97.0
DEYH_4149,97.0
DEYH_4709,97.0
Rand_702,97.0
Rand_893,97.0
Rand_1529,97.0
Rand_2595,97.0
Rand_2931,97.0
Rand_3024,97.0
Rand_4464,97.0
Rand_4921,97.0
DEYH_232,98.0
DEYH_317,98.0
DEYH_412,98.0
DEYH_1390,98.0
DEYH_3214,98.0
KRQN_536,98.0
KRQN_992,98.0
KRQN_1383,98.0
KRQN_1898,98.0
KRQN_2101,98.0
KRQN_2309,98.0
KRQN_3154,98.0
KRQN_4378,98.0
KRQN_4647,98.0
Rand_504,98.0
Rand_1767,98.0
Rand_3213,98.0
Rand_4753,98.0
DEYH_30,99.0
DEYH_167,99.0
DEYH_668,99.0
DEYH_861,99.0
DEYH_875,99.0
DEYH_1631,99.0
DEYH_1926,99.0
DEYH_2015,99.0
DEYH_2135,99.0
DEYH_2137,99.0
DEYH_2377,99.0
DEYH_2875,99.0
DEYH_2932,99.0
DEYH_3016,99.0
DEYH_3423,99.0
DEYH_3863,99.0
DEYH_3904,99.0
DEYH_4313,99.0
DEYH_4680,99.0
DEYH_4954,99.0
DEYH_4966,99.0
Rand_1086,99.0
DEYH_95,100.0
DEYH_96,100.0
DEYH_150,100.0
DEYH_321,100.0
DEYH_645,100.0
DEYH_1064,100.0
DEYH_1236,100.0
DEYH_1312,100.0
DEYH_1794,100.0
DEYH_1844,100.0
DEYH_1845,100.0
DEYH_1889,100.0
DEYH_1941,100.0
DEYH_1951,100.0
DEYH_2536,100.0
DEYH_2725,100.0
DEYH_3196,100.0
DEYH_3230,100.0
DEYH_3359,100.0
DEYH_3505,100.0
DEYH_3662,100.0
DEYH_3767,100.0
DEYH_3776,100.0
DEYH_3779,100.0
DEYH_3937,100.0
DEYH_3963,100.0
DEYH_4006,100.0
DEYH_4078,100.0
DEYH_4327,100.0
DEYH_4444,100.0
DEYH_4561,100.0
DEYH_4624,100.0
DEYH_4935,100.0
DEYH_4940,100.0
Rand_910,100.0
Rand_2695,100.0
Rand_4041,100.0
Rand_4071,100.0
DEYH_51,101.0
DEYH_279,101.0
DEYH_419,101.0
DEYH_651,101.0
DEYH_1002,101.0
DEYH_1022,101.0
DEYH_1169,101.0
DEYH_1438,101.0
DEYH_1515,101.0
DEYH_1624,101.0
DEYH_2390,101.0
DEYH_2392,101.0
DEYH_2520,101.0
DEYH_2595,101.0
DEYH_2635,101.0
DEYH_2827,101.0
DEYH_3271,101.0
DEYH_3380,101.0
DEYH_3637,101.0
DEYH_3705,101.0
DEYH_3780,101.0
DEYH_3908,101.0
DEYH_3928,101.0
DEYH_4488,101.0
DEYH_4490,101.0
DEYH_4577,101.0
DEYH_4825,101.0
DEYH_4882,101.0
DEYH_4951,101.0
KRQN_4482,101.0
DEYH_1293,102.0
DEYH_1657,102.0
DEYH_2660,102.0
DEYH_3603,102.0
DEYH_3848,102.0
DEYH_3978,102.0
DEYH_4437,102.0
KRQN_2262,102.0
Rand_352,102.0
Rand_525,102.0
Rand_2093,102.0
Rand_2272,102.0
Rand_3468,102.0
DEYH_1154,103.0
DEYH_1571,103.0
DEYH_1659,103.0
DEYH_2242,103.0
KRQN_3304,103.0
Rand_1013,103.0
Rand_1112,103.0
Rand_1195,103.0
Rand_2369,103.0
Rand_2390,103.0
Rand_2514,103.0
Rand_3174,103.0
Rand_3194,103.0
Rand_3299,103.0
Rand_4438,103.0
Rand_4823,103.0
DEYH_201,104.0
DEYH_252,104.0
DEYH_297,104.0
DEYH_315,104.0
DEYH_377,104.0
DEYH_657,104.0
DEYH_1114,104.0
DEYH_1217,104.0
DEYH_1285,104.0
DEYH_1326,104.0
DEYH_1333,104.0
DEYH_1565,104.0
DEYH_1614,104.0
DEYH_1787,104.0
DEYH_1824,104.0
DEYH_1961,104.0
DEYH_2064,104.0
DEYH_2241,104.0
DEYH_2290,104.0
DEYH_2326,104.0
DEYH_2410,104.0
DEYH_2551,104.0
DEYH_2775,104.0
DEYH_2777,104.0
DEYH_2865,104.0
DEYH_3100,104.0
DEYH_3161,104.0
DEYH_3323,104.0
DEYH_3418,104.0
DEYH_3426,104.0
DEYH_3861,104.0
DEYH_3966,104.0
DEYH_4069,104.0
DEYH_4242,104.0
DEYH_4251,104.0
DEYH_4275,104.0
DEYH_4302,104.0
DEYH_4346,104.0
DEYH_4428,104.0
DEYH_4497,104.0
DEYH_4541,104.0
DEYH_4649,104.0
DEYH_4681,104.0
DEYH_4682,104.0
DEYH_4761,104.0
DEYH_4851,104.0
DEYH_4910,104.0
DEYH_4976,104.0
Rand_142,104.0
DEYH_165,105.0
DEYH_236,105.0
DEYH_367,105.0
DEYH_369,105.0
DEYH_389,105.0
DEYH_448,105.0
DEYH_589,105.0
DEYH_698,105.0
DEYH_858,105.0
DEYH_862,105.0
DEYH_900,105.0
DEYH_1058,105.0
DEYH_1089,105.0
DEYH_1098,105.0
DEYH_1106,105.0
DEYH_1373,105.0
DEYH_1414,105.0
DEYH_1440,105.0
DEYH_1446,105.0
DEYH_1453,105.0
DEYH_1513,105.0
DEYH_1737,105.0
DEYH_1809,105.0
DEYH_1862,105.0
DEYH_1907,105.0
DEYH_1978,105.0
DEYH_2445,105.0
DEYH_2671,105.0
DEYH_2925,105.0
DEYH_3404,105.0
DEYH_3508,105.0
DEYH_3535,105.0
DEYH_3539,105.0
DEYH_3582,105.0
DEYH_3774,105.0
DEYH_3859,105.0
DEYH_3960,105.0
DEYH_4179,105.0
DEYH_4324,105.0
DEYH_4638,105.0
DEYH_4684,105.0
DEYH_4691,105.0
DEYH_4834,105.0
DEYH_4841,105.0
DEYH_4857,105.0
DEYH_4867,105.0
DEYH_4934,105.0
Rand_171,105.0
DEYH_241,106.0
DEYH_442,106.0
DEYH_670,106.0
DEYH_741,106.0
DEYH_761,106.0
DEYH_849,106.0
DEYH_901,106.0
DEYH_986,106.0
DEYH_998,106.0
DEYH_1048,106.0
DEYH_1134,106.0
DEYH_1243,106.0
DEYH_1255,106.0
DEYH_1321,106.0
DEYH_1425,106.0
DEYH_1551,106.0
DEYH_1587,106.0
DEYH_1818,106.0
DEYH_1923,106.0
DEYH_2202,106.0
DEYH_2288,106.0
DEYH_2579,106.0
DEYH_2665,106.0
DEYH_2697,106.0
DEYH_2702,106.0
DEYH_2769,106.0
DEYH_2770,106.0
DEYH_2976,106.0
DEYH_3395,106.0
DEYH_3450,106.0
DEYH_3773,106.0
DEYH_4079,106.0
DEYH_4127,106.0
DEYH_4144,106.0
DEYH_4255,106.0
DEYH_4689,106.0
DEYH_4706,106.0
DEYH_4744,106.0
DEYH_4907,106.0
DEYH_4933,106.0
DEYH_4960,106.0
Rand_1052,106.0
DEYH_260,107.0
DEYH_648,107.0
DEYH_774,107.0
DEYH_796,107.0
DEYH_850,107.0
DEYH_885,107.0
DEYH_1172,107.0
DEYH_1498,107.0
DEYH_1583,107.0
DEYH_2066,107.0
DEYH_2320,107.0
DEYH_2396,107.0
DEYH_2910,107.0
DEYH_2922,107.0
DEYH_3026,107.0
DEYH_3143,107.0
DEYH_3185,107.0
DEYH_3280,107.0
DEYH_3675,107.0
DEYH_4410,107.0
DEYH_4451,107.0
DEYH_163,108.0
DEYH_400,108.0
DEYH_731,108.0
DEYH_755,108.0
DEYH_815,108.0
DEYH_1043,108.0
DEYH_1665,108.0
DEYH_2371,108.0
DEYH_2450,108.0
DEYH_2659,108.0
DEYH_2794,108.0
DEYH_2820,108.0
DEYH_2887,108.0
DEYH_3120,108.0
DEYH_3405,108.0
DEYH_3516,108.0
DEYH_3748,108.0
DEYH_4058,108.0
DEYH_4366,108.0
DEYH_4477,108.0
DEYH_4984,108.0
Rand_3173,108.0
DEYH_119,109.0
DEYH_129,109.0
DEYH_142,109.0
DEYH_173,109.0
DEYH_250,109.0
DEYH_350,109.0
DEYH_407,109.0
DEYH_472,109.0
DEYH_594,109.0
DEYH_628,109.0
DEYH_717,109.0
DEYH_775,109.0
DEYH_891,109.0
DEYH_1069,109.0
DEYH_1302,109.0
DEYH_1319,109.0
DEYH_1364,109.0
DEYH_1375,109.0
DEYH_1523,109.0
DEYH_1529,109.0
DEYH_1695,109.0
DEYH_1949,109.0
DEYH_1959,109.0
DEYH_2112,109.0
DEYH_2124,109.0
DEYH_2195,109.0
DEYH_2197,109.0
DEYH_2253,109.0
DEYH_2391,109.0
DEYH_2397,109.0
DEYH_2453,109.0
DEYH_2467,109.0
DEYH_2560,109.0
DEYH_2745,109.0
DEYH_2811,109.0
DEYH_2962,109.0
DEYH_3079,109.0
DEYH_3094,109.0
DEYH_3175,109.0
DEYH_3215,109.0
DEYH_3379,109.0
DEYH_3653,109.0
DEYH_3745,109.0
DEYH_3829,109.0
DEYH_3961,109.0
DEYH_4052,109.0
DEYH_4249,109.0
DEYH_4452,109.0
DEYH_4467,109.0
DEYH_4500,109.0
DEYH_4537,109.0
DEYH_4559,109.0
DEYH_4710,109.0
DEYH_4718,109.0
DEYH_4721,109.0
DEYH_4783,109.0
DEYH_4905,109.0
DEYH_4945,109.0
Rand_3479,109.0
DEYH_128,110.0
DEYH_529,110.0
DEYH_812,110.0
DEYH_1009,110.0
DEYH_1444,110.0
DEYH_1532,110.0
DEYH_1782,110.0
DEYH_2238,110.0
DEYH_2652,110.0
DEYH_2672,110.0
DEYH_3056,110.0
DEYH_3061,110.0
DEYH_3149,110.0
DEYH_3425,110.0
DEYH_3617,110.0
DEYH_3720,110.0
DEYH_4082,110.0
DEYH_4140,110.0
DEYH_4676,110.0
DEYH_4853,110.0
Rand_743,110.0
Rand_924,110.0
Rand_965,110.0
Rand_1111,110.0
Rand_1470,110.0
Rand_1871,110.0
Rand_4903,110.0
DEYH_249,111.0
DEYH_380,111.0
DEYH_997,111.0
DEYH_1354,111.0
DEYH_1357,111.0
DEYH_2227,111.0
DEYH_2575,111.0
DEYH_2764,111.0
DEYH_3087,111.0
DEYH_3407,111.0
DEYH_3864,111.0
DEYH_3878,111.0
DEYH_4077,111.0
DEYH_4348,111.0
DEYH_91,112.0
DEYH_313,112.0
DEYH_347,112.0
DEYH_677,112.0
DEYH_1641,112.0
DEYH_1905,112.0
DEYH_1928,112.0
DEYH_2179,112.0
DEYH_2420,112.0
DEYH_2514,112.0
DEYH_2676,112.0
DEYH_2961,112.0
DEYH_3205,112.0
DEYH_3591,112.0
DEYH_3865,112.0
DEYH_4029,112.0
DEYH_4166,112.0
DEYH_4664,112.0
DEYH_4988,112.0
DEYH_1543,113.0
DEYH_1955,113.0
DEYH_2110,113.0
DEYH_2311,113.0
DEYH_2952,113.0
DEYH_3455,113.0
DEYH_4141,113.0
DEYH_4640,113.0
DEYH_4821,113.0
DEYH_4829,113.0
DEYH_518,114.0
DEYH_1242,114.0
DEYH_1456,114.0
DEYH_1568,114.0
DEYH_1882,114.0
DEYH_1976,114.0
DEYH_1992,114.0
DEYH_2113,114.0
DEYH_2275,114.0
DEYH_2478,114.0
DEYH_2698,114.0
DEYH_2821,114.0
DEYH_3080,114.0
DEYH_3098,114.0
DEYH_3227,114.0
DEYH_3251,114.0
DEYH_3303,114.0
DEYH_3411,114.0
DEYH_3598,114.0
DEYH_3690,114.0
DEYH_3797,114.0
DEYH_3834,114.0
DEYH_4114,114.0
DEYH_4136,114.0
DEYH_4292,114.0
DEYH_4315,114.0
DEYH_4661,114.0
DEYH_4703,114.0
DEYH_358,115.0
DEYH_1292,115.0
DEYH_1548,115.0
DEYH_2233,115.0
DEYH_2347,115.0
DEYH_2626,115.0
DEYH_3636,115.0
DEYH_3788,115.0
DEYH_4016,115.0
DEYH_4836,115.0
Rand_1471,115.0
Rand_1682,115.0
DEYH_1320,116.0
DEYH_1392,116.0
DEYH_1501,116.0
DEYH_1686,116.0
DEYH_1690,116.0
DEYH_1952,116.0
DEYH_1980,116.0
DEYH_1991,116.0
DEYH_2527,116.0
DEYH_2776,116.0
DEYH_2916,116.0
DEYH_3458,116.0
DEYH_3721,116.0
DEYH_3793,116.0
DEYH_3964,116.0
DEYH_4027,116.0
DEYH_4030,116.0
DEYH_4036,116.0
DEYH_4818,116.0
DEYH_78,117.0
DEYH_290,117.0
DEYH_296,117.0
DEYH_349,117.0
DEYH_361,117.0
DEYH_889,117.0
DEYH_1203,117.0
DEYH_1227,117.0
DEYH_1428,117.0
DEYH_1460,117.0
DEYH_1601,117.0
DEYH_1859,117.0
DEYH_1908,117.0
DEYH_1997,117.0
DEYH_2132,117.0
DEYH_2166,117.0
DEYH_2180,117.0
DEYH_2303,117.0
DEYH_2356,117.0
DEYH_2434,117.0
DEYH_2687,117.0
DEYH_2692,117.0
DEYH_2937,117.0
DEYH_3357,117.0
DEYH_3551,117.0
DEYH_3574,117.0
DEYH_3915,117.0
DEYH_3997,117.0
DEYH_4343,117.0
DEYH_4461,117.0
Rand_848,117.0
Rand_2095,117.0
KRQN_1170,118.0
Rand_410,118.0
Rand_621,118.0
Rand_918,118.0
Rand_1301,118.0
Rand_1392,118.0
Rand_1738,118.0
Rand_2234,118.0
Rand_2248,118.0
Rand_2351,118.0
Rand_2414,118.0
Rand_2503,118.0
Rand_4427,118.0
Rand_4703,118.0
Rand_4750,118.0
DEYH_1947,119.0
KRQN_1791,119.0
KRQN_3976,119.0
KRQN_4372,119.0
Rand_30,119.0
Rand_99,119.0
Rand_457,119.0
Rand_498,119.0
Rand_804,119.0
Rand_835,119.0
Rand_873,119.0
Rand_892,119.0
Rand_923,119.0
Rand_1803,119.0
Rand_1826,119.0
Rand_1977,119.0
Rand_1985,119.0
Rand_2516,119.0
Rand_3239,119.0
Rand_3309,119.0
Rand_3599,119.0
Rand_3704,119.0
Rand_4015,119.0
Rand_4365,119.0
Rand_4416,119.0
DEYH_659,120.0
DEYH_2606,120.0
KRQN_820,120.0
KRQN_2294,120.0
KRQN_2518,120.0
KRQN_2561,120.0
KRQN_4311,120.0
KRQN_4459,120.0
KRQN_4468,120.0
Rand_339,120.0
Rand_404,120.0
Rand_874,120.0
Rand_2257,120.0
Rand_2465,120.0
Rand_2626,120.0
Rand_2866,120.0
Rand_4916,120.0
DEYH_543,121.0
DEYH_1500,121.0
DEYH_1914,121.0
DEYH_2025,121.0
DEYH_2263,121.0
DEYH_2721,121.0
DEYH_3315,121.0
DEYH_3467,121.0
DEYH_3686,121.0
DEYH_4760,121.0
KRQN_1619,121.0
KRQN_1886,121.0
KRQN_2510,121.0
KRQN_3727,121.0
KRQN_4867,121.0
Rand_811,121.0
Rand_1043,121.0
Rand_1051,121.0
Rand_1463,121.0
Rand_1709,121.0
Rand_2407,121.0
DEYH_425,122.0
DEYH_798,122.0
DEYH_843,122.0
DEYH_924,122.0
DEYH_1107,122.0
DEYH_1349,122.0
DEYH_1700,122.0
DEYH_1822,122.0
DEYH_1872,122.0
DEYH_2003,122.0
DEYH_2144,122.0
DEYH_2334,122.0
DEYH_2621,122.0
DEYH_2668,122.0
DEYH_3123,122.0
DEYH_3297,122.0
DEYH_4023,122.0
DEYH_4204,122.0
DEYH_4950,122.0
KRQN_4379,122.0
Rand_2752,122.0
Rand_3482,122.0
Rand_3953,122.0
DEYH_617,123.0
DEYH_876,123.0
DEYH_1073,123.0
DEYH_1091,123.0
DEYH_1342,123.0
DEYH_1461,123.0
DEYH_1576,123.0
DEYH_1933,123.0
DEYH_2817,123.0
DEYH_2826,123.0
DEYH_2830,123.0
DEYH_3446,123.0
DEYH_3709,123.0
DEYH_3791,123.0
DEYH_4014,123.0
DEYH_4236,123.0
DEYH_4349,123.0
DEYH_4388,123.0
DEYH_4602,123.0
DEYH_4674,123.0
DEYH_4830,123.0
KRQN_512,123.0
KRQN_642,123.0
KRQN_1018,123.0
KRQN_2849,123.0
KRQN_3072,123.0
KRQN_4284,123.0
KRQN_4995,123.0
Rand_1806,123.0
Rand_2104,123.0
Rand_2969,123.0
Rand_3391,123.0
Rand_4169,123.0
DEYH_1061,124.0
DEYH_1086,124.0
DEYH_1145,124.0
DEYH_3324,124.0
DEYH_4972,124.0
KRQN_199,124.0
KRQN_1300,124.0
KRQN_2526,124.0
KRQN_3847,124.0
KRQN_3878,124.0
Rand_1291,124.0
Rand_2638,124.0
Rand_2706,124.0
Rand_3286,124.0
Rand_3508,124.0
Rand_4654,124.0
DEYH_556,125.0
DEYH_565,125.0
DEYH_707,125.0
DEYH_1116,125.0
DEYH_2181,125.0
DEYH_2839,125.0
DEYH_3263,125.0
DEYH_3527,125.0
DEYH_3602,125.0
Rand_4594,125.0
DEYH_868,126.0
DEYH_905,126.0
DEYH_1087,126.0
DEYH_1294,126.0
DEYH_1800,126.0
DEYH_2032,126.0
DEYH_2287,126.0
DEYH_2772,126.0
DEYH_3011,126.0
DEYH_3186,126.0
DEYH_3398,126.0
DEYH_4531,126.0
DEYH_4677,126.0
DEYH_4735,126.0
KRQN_3227,126.0
Rand_277,126.0
Rand_3464,126.0
Rand_3804,126.0
Rand_4057,126.0
Rand_4275,126.0
KRQN_20,127.0
KRQN_282,127.0
KRQN_345,127.0
KRQN_407,127.0
KRQN_439,127.0
KRQN_638,127.0
KRQN_845,127.0
KRQN_1269,127.0
KRQN_1486,127.0
KRQN_1839,127.0
KRQN_3607,127.0
KRQN_3619,127.0
KRQN_4629,127.0
KRQN_4902,127.0
Rand_1149,127.0
Rand_2058,127.0
Rand_4395,127.0
DEYH_86,128.0
DEYH_546,128.0
DEYH_614,128.0
DEYH_908,128.0
DEYH_1183,128.0
DEYH_1210,128.0
DEYH_1343,128.0
DEYH_1473,128.0
DEYH_1619,128.0
DEYH_1661,128.0
DEYH_1938,128.0
DEYH_1943,128.0
DEYH_1954,128.0
DEYH_1993,128.0
DEYH_2005,128.0
DEYH_2036,128.0
DEYH_2585,128.0
DEYH_2833,128.0
DEYH_2860,128.0
DEYH_3088,128.0
DEYH_3302,128.0
DEYH_3820,128.0
DEYH_3860,128.0
DEYH_4007,128.0
DEYH_4326,128.0
DEYH_4357,128.0
DEYH_4471,128.0
DEYH_4817,128.0
Rand_1382,128.0
Rand_1743,128.0
DEYH_70,129.0
DEYH_490,129.0
DEYH_535,129.0
DEYH_1102,129.0
DEYH_1350,129.0
DEYH_1616,129.0
DEYH_2083,129.0
DEYH_2160,129.0
DEYH_2608,129.0
DEYH_2855,129.0
DEYH_3189,129.0
DEYH_3243,129.0
DEYH_3247,129.0
DEYH_3688,129.0
DEYH_4297,129.0
DEYH_4792,129.0
DEYH_4914,129.0
DEYH_4989,129.0
Rand_710,129.0
Rand_2686,129.0
Rand_2985,129.0
DEYH_199,130.0
DEYH_323,130.0
DEYH_335,130.0
DEYH_833,130.0
DEYH_1076,130.0
DEYH_1940,130.0
DEYH_2244,130.0
DEYH_2492,130.0
DEYH_3171,130.0
DEYH_3213,130.0
DEYH_3696,130.0
DEYH_3790,130.0
DEYH_4138,130.0
DEYH_4150,130.0
DEYH_4780,130.0
Rand_1656,130.0
DEYH_179,131.0
DEYH_398,131.0
DEYH_420,131.0
DEYH_475,131.0
DEYH_650,131.0
DEYH_1148,131.0
DEYH_1633,131.0
DEYH_1877,131.0
DEYH_3234,131.0
DEYH_3283,131.0
DEYH_3762,131.0
DEYH_4271,131.0
DEYH_4533,131.0
DEYH_4551,131.0
DEYH_4562,131.0
KRQN_4653,131.0
Rand_867,131.0
Rand_1171,131.0
Rand_2828,131.0
Rand_3251,131.0
Rand_4054,131.0
DEYH_211,132.0
DEYH_302,132.0
DEYH_485,132.0
DEYH_1573,132.0
DEYH_2008,132.0
DEYH_2074,132.0
DEYH_2259,132.0
DEYH_2517,132.0
DEYH_2641,132.0
DEYH_3802,132.0
DEYH_4055,132.0
DEYH_4089,132.0
DEYH_4352,132.0
DEYH_4473,132.0
DEYH_4519,132.0
DEYH_1010,133.0
KRQN_127,133.0
KRQN_1343,133.0
KRQN_4693,133.0
Rand_112,133.0
Rand_191,133.0
Rand_301,133.0
Rand_427,133.0
Rand_1141,133.0
Rand_1297,133.0
Rand_2203,133.0
Rand_3277,133.0
Rand_3898,133.0
Rand_4117,133.0
Rand_4247,133.0
Rand_4920,133.0
DEYH_38,134.0
DEYH_121,134.0
DEYH_196,134.0
DEYH_269,134.0
DEYH_666,134.0
DEYH_783,134.0
DEYH_799,134.0
DEYH_860,134.0
DEYH_1129,134.0
DEYH_1180,134.0
DEYH_1340,134.0
DEYH_1492,134.0
DEYH_1604,134.0
DEYH_1850,134.0
DEYH_2796,134.0
DEYH_2825,134.0
DEYH_2846,134.0
DEYH_2848,134.0
DEYH_3347,134.0
DEYH_3553,134.0
DEYH_3628,134.0
DEYH_3973,134.0
DEYH_4109,134.0
DEYH_4160,134.0
DEYH_4627,134.0
DEYH_4645,134.0
KRQN_3538,134.0
KRQN_4878,134.0
Rand_1287,134.0
Rand_2468,134.0
Rand_3220,134.0
Rand_3480,134.0
DEYH_124,135.0
DEYH_830,135.0
DEYH_1919,135.0
DEYH_2206,135.0
DEYH_2214,135.0
DEYH_2346,135.0
DEYH_3695,135.0
DEYH_4621,135.0
KRQN_1499,135.0
KRQN_4106,135.0
KRQN_4879,135.0
Rand_11,135.0
Rand_163,135.0
Rand_619,135.0
Rand_858,135.0
Rand_1089,135.0
Rand_1123,135.0
Rand_1797,135.0
Rand_1896,135.0
Rand_3369,135.0
Rand_3455,135.0
Rand_3867,135.0
Rand_4286,135.0
Rand_4587,135.0
DEYH_136,136.0
DEYH_1985,136.0
KRQN_431,136.0
KRQN_859,136.0
KRQN_2310,136.0
KRQN_2806,136.0
KRQN_4089,136.0
KRQN_4446,136.0
Rand_424,136.0
Rand_4174,136.0
DEYH_168,137.0
DEYH_255,137.0
DEYH_402,137.0
DEYH_754,137.0
DEYH_794,137.0
DEYH_906,137.0
DEYH_1271,137.0
DEYH_1388,137.0
DEYH_1847,137.0
DEYH_2960,137.0
DEYH_3146,137.0
DEYH_3211,137.0
DEYH_4084,137.0
DEYH_4351,137.0
DEYH_4356,137.0
DEYH_4582,137.0
DEYH_4720,137.0
Rand_1007,137.0
Rand_1403,137.0
Rand_2513,137.0
DEYH_571,138.0
DEYH_882,138.0
DEYH_1188,138.0
DEYH_1204,138.0
DEYH_1753,138.0
DEYH_3807,138.0
DEYH_4231,138.0
KRQN_1019,138.0
KRQN_1701,138.0
KRQN_1934,138.0
KRQN_1994,138.0
KRQN_3942,138.0
Rand_712,138.0
Rand_1504,138.0
Rand_1540,138.0
Rand_1792,138.0
Rand_3710,138.0
Rand_3989,138.0
Rand_4240,138.0
Rand_4820,138.0
DEYH_828,139.0
DEYH_2559,139.0
DEYH_2992,139.0
KRQN_12,139.0
KRQN_1103,139.0
KRQN_1226,139.0
KRQN_1638,139.0
KRQN_2306,139.0
KRQN_3537,139.0
KRQN_3850,139.0
KRQN_4356,139.0
KRQN_4530,139.0
Rand_4752,139.0
DEYH_3258,140.0
KRQN_247,140.0
KRQN_978,140.0
KRQN_1850,140.0
KRQN_2962,140.0
KRQN_3998,140.0
Rand_1345,140.0
Rand_1430,140.0
Rand_1666,140.0
Rand_2858,140.0
Rand_3152,140.0
Rand_3729,140.0
Rand_3777,140.0
Rand_3802,140.0
Rand_3830,140.0
Rand_4146,140.0
Rand_4918,140.0
DEYH_1733,141.0
DEYH_1890,141.0
DEYH_2080,141.0
DEYH_2977,141.0
DEYH_3060,141.0
DEYH_3285,141.0
DEYH_3444,141.0
KRQN_2201,141.0
KRQN_3022,141.0
KRQN_3299,141.0
Rand_1584,141.0
Rand_1837,141.0
Rand_2461,141.0
Rand_3228,141.0
Rand_3624,141.0
Rand_3897,141.0
Rand_4254,141.0
Rand_4669,141.0
DEYH_3139,142.0
DEYH_3898,142.0
DEYH_4074,142.0
DEYH_4852,142.0
DEYH_4953,142.0
KRQN_818,142.0
KRQN_1313,142.0
KRQN_3829,142.0
KRQN_4508,142.0
Rand_198,142.0
Rand_1162,142.0
Rand_1815,142.0
Rand_1906,142.0
Rand_2230,142.0
Rand_4923,142.0
Rand_4962,142.0
Rand_131,143.0
Rand_185,143.0
Rand_207,143.0
Rand_540,143.0
Rand_1119,143.0
Rand_1201,143.0
Rand_1956,143.0
Rand_2620,143.0
Rand_3027,143.0
Rand_3425,143.0
Rand_3894,143.0
Rand_4258,143.0
Rand_4579,143.0
Rand_4584,143.0
DEYH_1605,144.0
DEYH_2338,144.0
DEYH_4129,144.0
DEYH_4526,144.0
DEYH_4625,144.0
Rand_193,144.0
Rand_375,144.0
Rand_2349,144.0
Rand_3089,144.0
Rand_3261,144.0
Rand_3417,144.0
Rand_4036,144.0
Rand_4744,144.0
Rand_4854,144.0
Rand_4913,144.0
DEYH_1963,145.0
DEYH_2673,145.0
DEYH_2780,145.0
DEYH_2906,145.0
DEYH_3181,145.0
DEYH_3649,145.0
DEYH_4547,145.0
DEYH_4702,145.0
DEYH_4901,145.0
Rand_3779,145.0
DEYH_117,146.0
DEYH_459,146.0
DEYH_769,146.0
DEYH_1171,146.0
DEYH_1864,146.0
DEYH_2337,146.0
DEYH_2761,146.0
DEYH_3116,146.0
DEYH_3157,146.0
DEYH_3584,146.0
DEYH_3670,146.0
DEYH_3926,146.0
DEYH_4387,146.0
DEYH_4711,146.0
DEYH_4986,146.0
DEYH_2117,147.0
DEYH_3301,147.0
KRQN_561,147.0
KRQN_1413,147.0
KRQN_4855,147.0
Rand_18,147.0
Rand_175,147.0
Rand_178,147.0
Rand_282,147.0
Rand_461,147.0
Rand_1286,147.0
Rand_1662,147.0
Rand_1848,147.0
Rand_1969,147.0
Rand_2113,147.0
Rand_2216,147.0
Rand_2372,147.0
Rand_2729,147.0
Rand_2789,147.0
Rand_3461,147.0
Rand_3538,147.0
Rand_3848,147.0
Rand_4073,147.0
Rand_4419,147.0
Rand_4583,147.0
Rand_4602,147.0
Rand_4876,147.0
DEYH_4299,148.0
DEYH_4970,148.0
KRQN_2900,148.0
Rand_65,148.0
Rand_1293,148.0
Rand_1948,148.0
Rand_3142,148.0
Rand_3572,148.0
Rand_4861,148.0
Rand_4877,148.0
DEYH_450,149.0
DEYH_1497,149.0
DEYH_1600,149.0
DEYH_2358,149.0
DEYH_3250,149.0
DEYH_3918,149.0
DEYH_4173,149.0
Rand_1442,149.0
Rand_1641,149.0
Rand_2256,149.0
Rand_4713,149.0
DEYH_172,150.0
DEYH_506,150.0
DEYH_1591,150.0
DEYH_2256,150.0
DEYH_2663,150.0
DEYH_2902,150.0
DEYH_3034,150.0
DEYH_4235,150.0
DEYH_4757,150.0
Rand_4346,150.0
DEYH_1065,151.0
DEYH_1231,151.0
DEYH_2146,151.0
DEYH_2934,151.0
DEYH_4570,151.0
KRQN_137,151.0
KRQN_1717,151.0
KRQN_2229,151.0
KRQN_3764,151.0
KRQN_4543,151.0
KRQN_4651,151.0
Rand_791,151.0
Rand_1050,151.0
Rand_1525,151.0
DEYH_2797,152.0
KRQN_302,152.0
KRQN_815,152.0
KRQN_1060,152.0
KRQN_1435,152.0
KRQN_1712,152.0
KRQN_2192,152.0
KRQN_2264,152.0
KRQN_2786,152.0
KRQN_2952,152.0
KRQN_3983,152.0
KRQN_4196,152.0
Rand_1731,152.0
Rand_3339,152.0
Rand_4730,152.0
Rand_4809,152.0
KRQN_93,153.0
KRQN_119,153.0
KRQN_567,153.0
KRQN_907,153.0
KRQN_1136,153.0
KRQN_1256,153.0
KRQN_1352,153.0
KRQN_1392,153.0
KRQN_1484,153.0
KRQN_1606,153.0
KRQN_1718,153.0
KRQN_1733,153.0
KRQN_2177,153.0
KRQN_2247,153.0
KRQN_2263,153.0
KRQN_2711,153.0
KRQN_3430,153.0
KRQN_4154,153.0
KRQN_4190,153.0
KRQN_4852,153.0
KRQN_4941,153.0
Rand_156,153.0
Rand_1849,153.0
Rand_3606,153.0
DEYH_251,154.0
DEYH_418,154.0
DEYH_613,154.0
DEYH_1235,154.0
DEYH_1957,154.0
DEYH_2098,154.0
DEYH_2270,154.0
DEYH_3102,154.0
DEYH_3118,154.0
DEYH_3543,154.0
DEYH_3869,154.0
DEYH_3924,154.0
DEYH_4670,154.0
Rand_982,154.0
DEYH_520,155.0
DEYH_1238,155.0
DEYH_1483,155.0
DEYH_1608,155.0
DEYH_1652,155.0
DEYH_1717,155.0
DEYH_2062,155.0
DEYH_2927,155.0
DEYH_3074,155.0
DEYH_3361,155.0
DEYH_3666,155.0
DEYH_4421,155.0
DEYH_4429,155.0
DEYH_4431,155.0
DEYH_4631,155.0
DEYH_4748,155.0
DEYH_4913,155.0
KRQN_940,155.0
KRQN_4466,155.0
DEYH_1004,156.0
DEYH_2044,156.0
DEYH_4329,156.0
DEYH_4332,156.0
KRQN_505,156.0
KRQN_545,156.0
KRQN_878,156.0
KRQN_1124,156.0
KRQN_2875,156.0
KRQN_3155,156.0
KRQN_3512,156.0
KRQN_3769,156.0
KRQN_4449,156.0
KRQN_4523,156.0
Rand_2078,156.0
Rand_3626,156.0
KRQN_1635,157.0
KRQN_2401,157.0
KRQN_2539,157.0
KRQN_3258,157.0
KRQN_3381,157.0
KRQN_4006,157.0
KRQN_4631,157.0
KRQN_4837,157.0
Rand_1657,157.0
Rand_3965,157.0
DEYH_2365,158.0
KRQN_86,158.0
KRQN_256,158.0
KRQN_1302,158.0
KRQN_1445,158.0
KRQN_2732,158.0
KRQN_2810,158.0
KRQN_2845,158.0
KRQN_3485,158.0
KRQN_4691,158.0
Rand_2958,158.0
Rand_4042,158.0
DEYH_284,159.0
DEYH_2882,159.0
KRQN_58,159.0
KRQN_108,159.0
KRQN_934,159.0
KRQN_1173,159.0
KRQN_1544,159.0
KRQN_2651,159.0
KRQN_4059,159.0
KRQN_4258,159.0
KRQN_4696,159.0
KRQN_4751,159.0
Rand_1068,159.0
Rand_3713,159.0
DEYH_433,160.0
DEYH_1462,160.0
DEYH_1598,160.0
DEYH_2835,160.0
DEYH_4973,160.0
Rand_2144,160.0
Rand_2826,160.0
Rand_3914,160.0
Rand_4262,160.0
Rand_4990,160.0
DEYH_1274,161.0
KRQN_703,161.0
KRQN_1736,161.0
KRQN_3163,161.0
KRQN_3638,161.0
KRQN_4086,161.0
Rand_940,161.0
Rand_1716,161.0
Rand_3091,161.0
Rand_3362,161.0
Rand_3469,161.0
Rand_3506,161.0
Rand_3977,161.0
DEYH_873,162.0
DEYH_877,162.0
DEYH_1253,162.0
DEYH_1362,162.0
DEYH_1378,162.0
DEYH_2312,162.0
DEYH_2758,162.0
DEYH_2964,162.0
DEYH_3801,162.0
DEYH_3943,162.0
DEYH_4142,162.0
Rand_3581,162.0
DEYH_162,163.0
DEYH_437,163.0
DEYH_778,163.0
DEYH_832,163.0
DEYH_1451,163.0
DEYH_2425,163.0
DEYH_2753,163.0
DEYH_3449,163.0
DEYH_3816,163.0
KRQN_36,163.0
KRQN_106,163.0
KRQN_519,163.0
KRQN_1346,163.0
KRQN_3497,163.0
Rand_4824,163.0
DEYH_64,164.0
DEYH_531,164.0
DEYH_789,164.0
DEYH_2069,164.0
DEYH_3526,164.0
DEYH_3668,164.0
KRQN_583,164.0
KRQN_2025,164.0
KRQN_2480,164.0
KRQN_3499,164.0
KRQN_4805,164.0
Rand_270,164.0
Rand_434,164.0
Rand_583,164.0
Rand_1615,164.0
Rand_1877,164.0
Rand_3440,164.0
DEYH_32,165.0
DEYH_863,165.0
DEYH_2662,165.0
DEYH_3193,165.0
DEYH_3536,165.0
DEYH_4679,165.0
DEYH_4734,165.0
DEYH_4787,165.0
DEYH_4832,165.0
KRQN_391,165.0
KRQN_2335,165.0
Rand_623,165.0
Rand_1179,165.0
Rand_1402,165.0
Rand_2417,165.0
Rand_2682,165.0
Rand_2795,165.0
Rand_3246,165.0
Rand_3334,165.0
Rand_3942,165.0
Rand_3963,165.0
Rand_4519,165.0
DEYH_3225,166.0
DEYH_4194,166.0
Rand_154,166.0
Rand_643,166.0
Rand_747,166.0
Rand_966,166.0
Rand_1365,166.0
Rand_2160,166.0
Rand_2402,166.0
Rand_2893,166.0
Rand_3200,166.0
Rand_3329,166.0
Rand_3348,166.0
Rand_3371,166.0
Rand_3702,166.0
Rand_3941,166.0
Rand_4383,166.0
Rand_4826,166.0
KRQN_636,167.0
Rand_332,167.0
Rand_1019,167.0
Rand_1441,167.0
Rand_1913,167.0
Rand_2244,167.0
Rand_2618,167.0
Rand_2734,167.0
Rand_3319,167.0
Rand_4081,167.0
Rand_4215,167.0
DEYH_293,168.0
DEYH_1539,168.0
DEYH_1623,168.0
DEYH_2526,168.0
DEYH_3988,168.0
DEYH_4063,168.0
DEYH_4284,168.0
DEYH_4375,168.0
KRQN_268,168.0
KRQN_476,168.0
KRQN_817,168.0
KRQN_1337,168.0
KRQN_1617,168.0
KRQN_3214,168.0
KRQN_3374,168.0
Rand_592,168.0
Rand_831,168.0
Rand_1836,168.0
Rand_2073,168.0
Rand_2388,168.0
Rand_2410,168.0
Rand_2484,168.0
Rand_3070,168.0
Rand_3821,168.0
Rand_4404,168.0
Rand_4511,168.0
DEYH_170,169.0
DEYH_286,169.0
DEYH_375,169.0
DEYH_451,169.0
DEYH_684,169.0
DEYH_824,169.0
DEYH_887,169.0
DEYH_1168,169.0
DEYH_1251,169.0
DEYH_1682,169.0
DEYH_1752,169.0
DEYH_2574,169.0
DEYH_2597,169.0
DEYH_3369,169.0
DEYH_3733,169.0
DEYH_4370,169.0
DEYH_4985,169.0
KRQN_135,169.0
Rand_319,169.0
Rand_346,169.0
Rand_738,169.0
Rand_802,169.0
Rand_1110,169.0
Rand_2109,169.0
Rand_2572,169.0
Rand_2646,169.0
Rand_3115,169.0
Rand_3591,169.0
Rand_4506,169.0
DEYH_603,170.0
DEYH_835,170.0
DEYH_1131,170.0
DEYH_1197,170.0
DEYH_1536,170.0
DEYH_2235,170.0
DEYH_2265,170.0
DEYH_2483,170.0
DEYH_4863,170.0
KRQN_1460,170.0
Rand_1213,170.0
Rand_2307,170.0
Rand_2343,170.0
Rand_4698,170.0
DEYH_537,171.0
DEYH_562,171.0
DEYH_569,171.0
DEYH_683,171.0
DEYH_712,171.0
DEYH_845,171.0
DEYH_2068,171.0
DEYH_2804,171.0
DEYH_3852,171.0
DEYH_4269,171.0
DEYH_4287,171.0
DEYH_4300,171.0
KRQN_3516,171.0
Rand_1554,171.0
Rand_1886,171.0
Rand_1935,171.0
Rand_2235,171.0
Rand_3677,171.0
Rand_4239,171.0
Rand_4380,171.0
Rand_4945,171.0
DEYH_61,172.0
DEYH_797,172.0
DEYH_943,172.0
DEYH_2061,172.0
DEYH_2639,172.0
DEYH_2711,172.0
DEYH_2924,172.0
DEYH_3605,172.0
DEYH_3920,172.0
DEYH_4264,172.0
DEYH_4505,172.0
Rand_378,172.0
Rand_1483,172.0
Rand_1884,172.0
Rand_3397,172.0
DEYH_2479,173.0
DEYH_4221,173.0
KRQN_76,173.0
KRQN_1650,173.0
Rand_636,173.0
Rand_1085,173.0
Rand_1677,173.0
Rand_2083,173.0
Rand_2142,173.0
Rand_2385,173.0
Rand_2415,173.0
Rand_2681,173.0
Rand_2977,173.0
Rand_2994,173.0
Rand_3072,173.0
Rand_3394,173.0
Rand_3628,173.0
Rand_4080,173.0
Rand_4145,173.0
DEYH_408,174.0
DEYH_469,174.0
DEYH_962,174.0
DEYH_1656,174.0
DEYH_2128,174.0
DEYH_2268,174.0
DEYH_2616,174.0
DEYH_2620,174.0
DEYH_3845,174.0
DEYH_3934,174.0
DEYH_4041,174.0
DEYH_4699,174.0
Rand_1918,174.0
Rand_4642,174.0
DEYH_154,175.0
DEYH_504,175.0
DEYH_658,175.0
DEYH_1031,175.0
DEYH_1186,175.0
DEYH_1192,175.0
DEYH_1411,175.0
DEYH_1432,175.0
DEYH_1621,175.0
DEYH_1807,175.0
DEYH_1930,175.0
DEYH_2269,175.0
DEYH_2339,175.0
DEYH_2427,175.0
DEYH_2589,175.0
DEYH_3009,175.0
DEYH_3082,175.0
DEYH_3237,175.0
DEYH_3281,175.0
DEYH_3663,175.0
DEYH_4033,175.0
DEYH_4246,175.0
DEYH_4331,175.0
DEYH_4654,175.0
DEYH_4835,175.0
DEYH_4892,175.0
DEYH_4938,175.0
DEYH_4991,175.0
DEYH_753,176.0
DEYH_1383,176.0
DEYH_2273,176.0
DEYH_3291,176.0
DEYH_3434,176.0
DEYH_3692,176.0
DEYH_4120,176.0
DEYH_4394,176.0
DEYH_4611,176.0
DEYH_4868,176.0
DEYH_346,177.0
DEYH_429,177.0
DEYH_714,177.0
DEYH_934,177.0
DEYH_1233,177.0
DEYH_1419,177.0
DEYH_1470,177.0
DEYH_1987,177.0
DEYH_2055,177.0
DEYH_2542,177.0
DEYH_3045,177.0
DEYH_3089,177.0
DEYH_3168,177.0
DEYH_3356,177.0
DEYH_3494,177.0
DEYH_3761,177.0
DEYH_4191,177.0
DEYH_4225,177.0
DEYH_4508,177.0
DEYH_4655,177.0
DEYH_4974,177.0
DEYH_90,178.0
DEYH_304,178.0
DEYH_440,178.0
DEYH_1195,178.0
DEYH_2155,178.0
DEYH_2327,178.0
DEYH_2336,178.0
DEYH_2965,178.0
DEYH_3138,178.0
DEYH_3640,178.0
DEYH_3674,178.0
DEYH_4181,178.0
DEYH_4187,178.0
DEYH_4262,178.0
Rand_2455,178.0
DEYH_123,179.0
DEYH_281,179.0
DEYH_1024,179.0
DEYH_3090,179.0
DEYH_3468,179.0
DEYH_3533,179.0
DEYH_3590,179.0
DEYH_3633,179.0
DEYH_3809,179.0
DEYH_4860,179.0
Rand_400,179.0
Rand_1354,179.0
Rand_3640,179.0
Rand_4217,179.0
DEYH_496,180.0
DEYH_600,180.0
DEYH_952,180.0
DEYH_1015,180.0
DEYH_1156,180.0
DEYH_1546,180.0
DEYH_1759,180.0
DEYH_1853,180.0
DEYH_1918,180.0
DEYH_2156,180.0
DEYH_2237,180.0
DEYH_2633,180.0
DEYH_2664,180.0
DEYH_2901,180.0
DEYH_3083,180.0
DEYH_3231,180.0
DEYH_3615,180.0
DEYH_4350,180.0
DEYH_4419,180.0
DEYH_4606,180.0
DEYH_4628,180.0
DEYH_4632,180.0
Rand_1833,180.0
DEYH_1485,181.0
DEYH_1566,181.0
DEYH_1779,181.0
DEYH_1836,181.0
DEYH_2747,181.0
DEYH_3723,181.0
DEYH_4772,181.0
Rand_222,181.0
Rand_2791,181.0
Rand_2937,181.0
Rand_4245,181.0
DEYH_1282,182.0
DEYH_1625,182.0
DEYH_2076,182.0
DEYH_2417,182.0
DEYH_2638,182.0
DEYH_3559,182.0
DEYH_4456,182.0
DEYH_4927,182.0
Rand_2872,182.0
Rand_3895,182.0
Rand_4925,182.0
DEYH_217,183.0
DEYH_596,183.0
DEYH_702,183.0
DEYH_1298,183.0
DEYH_1516,183.0
DEYH_1894,183.0
DEYH_2503,183.0
DEYH_3001,183.0
DEYH_3481,183.0
DEYH_3614,183.0
DEYH_4050,183.0
DEYH_4672,183.0
DEYH_4893,183.0
Rand_641,183.0
Rand_1332,183.0
Rand_2381,183.0
DEYH_140,184.0
DEYH_268,184.0
DEYH_316,184.0
DEYH_524,184.0
DEYH_611,184.0
DEYH_716,184.0
DEYH_890,184.0
DEYH_948,184.0
DEYH_979,184.0
DEYH_1184,184.0
DEYH_1653,184.0
DEYH_1742,184.0
DEYH_1888,184.0
DEYH_2052,184.0
DEYH_2465,184.0
DEYH_2564,184.0
DEYH_2696,184.0
DEYH_2760,184.0
DEYH_3691,184.0
DEYH_3849,184.0
DEYH_4072,184.0
DEYH_4482,184.0
DEYH_4813,184.0
DEYH_4895,184.0
Rand_532,184.0
Rand_2155,184.0
KRQN_212,185.0
KRQN_829,185.0
KRQN_2206,185.0
KRQN_2248,185.0
KRQN_2772,185.0
KRQN_3057,185.0
KRQN_3117,185.0
KRQN_3496,185.0
KRQN_4726,185.0
KRQN_4864,185.0
Rand_22,185.0
Rand_634,185.0
Rand_836,185.0
Rand_1482,185.0
Rand_2829,185.0
Rand_2961,185.0
Rand_3175,185.0
Rand_3478,185.0
Rand_3760,185.0
Rand_4379,185.0
Rand_4947,185.0
KRQN_1861,186.0
KRQN_1883,186.0
KRQN_2584,186.0
KRQN_3732,186.0
KRQN_3892,186.0
KRQN_4283,186.0
KRQN_4299,186.0
KRQN_4780,186.0
KRQN_4842,186.0
Rand_2,186.0
Rand_1102,186.0
Rand_1154,186.0
Rand_1991,186.0
Rand_2992,186.0
KRQN_486,187.0
KRQN_797,187.0
KRQN_1571,187.0
KRQN_2176,187.0
KRQN_2607,187.0
KRQN_2798,187.0
KRQN_4121,187.0
KRQN_4444,187.0
Rand_1737,187.0
Rand_2667,187.0
KRQN_79,188.0
KRQN_111,188.0
KRQN_124,188.0
KRQN_126,188.0
KRQN_840,188.0
KRQN_971,188.0
KRQN_1268,188.0
KRQN_1580,188.0
KRQN_2582,188.0
KRQN_2731,188.0
KRQN_3436,188.0
KRQN_3505,188.0
KRQN_3712,188.0
KRQN_4187,188.0
KRQN_4541,188.0
KRQN_4705,188.0
KRQN_585,189.0
KRQN_1100,189.0
KRQN_2190,189.0
KRQN_2409,189.0
KRQN_2471,189.0
KRQN_2994,189.0
KRQN_3414,189.0
KRQN_3635,189.0
KRQN_3816,189.0
KRQN_4503,189.0
KRQN_4585,189.0
KRQN_4765,189.0
Rand_200,189.0
Rand_4624,189.0
KRQN_963,190.0
KRQN_1230,190.0
KRQN_1381,190.0
KRQN_1703,190.0
KRQN_3038,190.0
KRQN_3654,190.0
KRQN_4293,190.0
KRQN_4478,190.0
KRQN_4560,190.0
KRQN_4598,190.0
Rand_460,190.0
Rand_1643,190.0
Rand_2310,190.0
Rand_2367,190.0
Rand_2798,190.0
Rand_3238,190.0
KRQN_83,191.0
KRQN_543,191.0
KRQN_607,191.0
KRQN_1011,191.0
KRQN_1040,191.0
KRQN_1613,191.0
KRQN_2016,191.0
KRQN_2373,191.0
KRQN_2673,191.0
KRQN_3295,191.0
KRQN_4350,191.0
KRQN_4551,191.0
KRQN_4659,191.0
KRQN_1415,192.0
KRQN_1888,192.0
KRQN_1902,192.0
KRQN_2682,192.0
KRQN_3722,192.0
KRQN_3832,192.0
KRQN_3876,192.0
Rand_431,192.0
Rand_581,192.0
Rand_3452,192.0
KRQN_27,193.0
KRQN_132,193.0
KRQN_395,193.0
KRQN_524,193.0
KRQN_758,193.0
KRQN_1038,193.0
KRQN_1091,193.0
KRQN_1252,193.0
KRQN_1362,193.0
KRQN_1923,193.0
KRQN_1996,193.0
KRQN_2148,193.0
KRQN_2493,193.0
KRQN_2681,193.0
KRQN_2960,193.0
KRQN_3677,193.0
KRQN_4012,193.0
KRQN_4507,193.0
KRQN_4703,193.0
Rand_341,193.0
Rand_429,193.0
Rand_1191,193.0
Rand_4926,193.0
DEYH_489,194.0
KRQN_804,194.0
KRQN_1164,194.0
KRQN_1590,194.0
KRQN_3302,194.0
KRQN_3482,194.0
KRQN_3910,194.0
KRQN_3937,194.0
Rand_235,194.0
Rand_594,194.0
Rand_837,194.0
Rand_894,194.0
Rand_1048,194.0
Rand_1226,194.0
Rand_1275,194.0
Rand_2290,194.0
Rand_3870,194.0
Rand_3946,194.0
Rand_4161,194.0
Rand_4565,194.0
Rand_4664,194.0
DEYH_258,195.0
DEYH_682,195.0
DEYH_917,195.0
DEYH_2191,195.0
DEYH_2656,195.0
DEYH_4469,195.0
DEYH_4511,195.0
DEYH_4603,195.0
DEYH_4673,195.0
Rand_61,195.0
Rand_271,195.0
Rand_2537,195.0
DEYH_339,196.0
DEYH_483,196.0
DEYH_2383,196.0
DEYH_2558,196.0
DEYH_3618,196.0
DEYH_3950,196.0
DEYH_4189,196.0
KRQN_1752,196.0
KRQN_1925,196.0
Rand_630,196.0
Rand_1204,196.0
Rand_1923,196.0
Rand_3923,196.0
DEYH_20,197.0
DEYH_100,197.0
DEYH_587,197.0
DEYH_3270,197.0
DEYH_3604,197.0
DEYH_3875,197.0
DEYH_3936,197.0
KRQN_578,197.0
Rand_97,197.0
Rand_2380,197.0
Rand_3258,197.0
Rand_3919,197.0
Rand_3935,197.0
DEYH_166,198.0
DEYH_558,198.0
DEYH_750,198.0
DEYH_987,198.0
DEYH_1675,198.0
DEYH_1811,198.0
DEYH_1944,198.0
DEYH_3030,198.0
DEYH_3752,198.0
KRQN_284,198.0
KRQN_1144,198.0
KRQN_2041,198.0
KRQN_2660,198.0
KRQN_4192,198.0
KRQN_4227,198.0
KRQN_4676,198.0
Rand_321,198.0
Rand_676,198.0
Rand_829,198.0
Rand_994,198.0
Rand_2034,198.0
Rand_3645,198.0
Rand_4173,198.0
KRQN_952,199.0
KRQN_1251,199.0
KRQN_1279,199.0
KRQN_1387,199.0
KRQN_1483,199.0
KRQN_1919,199.0
KRQN_1981,199.0
KRQN_2754,199.0
KRQN_4074,199.0
KRQN_4109,199.0
KRQN_4502,199.0
KRQN_4594,199.0
KRQN_4775,199.0
Rand_2469,199.0
KRQN_353,200.0
KRQN_453,200.0
KRQN_574,200.0
KRQN_726,200.0
KRQN_1504,200.0
KRQN_1630,200.0
KRQN_2064,200.0
KRQN_2180,200.0
KRQN_2428,200.0
KRQN_2454,200.0
KRQN_2594,200.0
KRQN_2929,200.0
KRQN_3228,200.0
KRQN_3323,200.0
KRQN_3348,200.0
KRQN_3365,200.0
KRQN_3424,200.0
KRQN_3451,200.0
KRQN_3465,200.0
KRQN_3734,200.0
KRQN_3768,200.0
KRQN_3884,200.0
KRQN_4171,200.0
KRQN_4274,200.0
KRQN_4361,200.0
KRQN_4380,200.0
KRQN_4792,200.0
KRQN_4835,200.0
KRQN_4980,200.0
Rand_42,200.0
Rand_71,200.0
Rand_2999,200.0
Rand_4469,200.0
DEYH_4097,201.0
KRQN_449,201.0
KRQN_860,201.0
KRQN_981,201.0
KRQN_990,201.0
KRQN_2325,201.0
KRQN_2868,201.0
KRQN_3231,201.0
KRQN_3392,201.0
KRQN_3406,201.0
KRQN_3495,201.0
KRQN_4071,201.0
KRQN_4709,201.0
Rand_91,201.0
Rand_749,201.0
Rand_1475,201.0
Rand_3321,201.0
Rand_3690,201.0
Rand_4622,201.0
DEYH_784,202.0
DEYH_785,202.0
DEYH_2362,202.0
KRQN_1286,202.0
KRQN_1490,202.0
KRQN_2610,202.0
KRQN_3596,202.0
KRQN_4854,202.0
Rand_897,202.0
Rand_1530,202.0
Rand_2825,202.0
Rand_3325,202.0
Rand_3403,202.0
Rand_3661,202.0
Rand_4357,202.0
Rand_4635,202.0
Rand_4707,202.0
DEYH_994,203.0
DEYH_1660,203.0
DEYH_2505,203.0
DEYH_3177,203.0
DEYH_3999,203.0
DEYH_4459,203.0
DEYH_4978,203.0
KRQN_1197,203.0
KRQN_2221,203.0
Rand_4657,203.0
Rand_4801,203.0
DEYH_137,204.0
DEYH_337,204.0
DEYH_831,204.0
DEYH_1296,204.0
DEYH_1310,204.0
DEYH_1315,204.0
DEYH_1466,204.0
DEYH_1468,204.0
DEYH_1747,204.0
DEYH_2767,204.0
DEYH_2813,204.0
DEYH_3035,204.0
DEYH_3180,204.0
DEYH_4335,204.0
DEYH_4384,204.0
DEYH_4579,204.0
DEYH_4765,204.0
DEYH_4809,204.0
DEYH_4975,204.0
KRQN_3963,204.0
Rand_166,204.0
Rand_1037,204.0
Rand_1576,204.0
Rand_3835,204.0
Rand_3979,204.0
Rand_4858,204.0
DEYH_112,205.0
DEYH_606,205.0
DEYH_1518,205.0
DEYH_1520,205.0
DEYH_2561,205.0
DEYH_2567,205.0
DEYH_4842,205.0
DEYH_4937,205.0
DEYH_4957,205.0
Rand_2906,205.0
Rand_3168,205.0
Rand_3807,205.0
DEYH_41,206.0
DEYH_353,206.0
DEYH_2543,206.0
DEYH_3274,206.0
DEYH_3563,206.0
DEYH_3735,206.0
DEYH_4589,206.0
DEYH_4872,206.0
DEYH_4915,206.0
KRQN_3290,206.0
KRQN_4155,206.0
KRQN_4195,206.0
KRQN_4278,206.0
Rand_15,206.0
Rand_211,206.0
Rand_588,206.0
Rand_708,206.0
Rand_1672,206.0
Rand_2398,206.0
Rand_2443,206.0
Rand_4237,206.0
DEYH_953,207.0
DEYH_2298,207.0
DEYH_4712,207.0
KRQN_168,207.0
KRQN_271,207.0
KRQN_1228,207.0
KRQN_1880,207.0
KRQN_2276,207.0
KRQN_2433,207.0
KRQN_3112,207.0
KRQN_3129,207.0
KRQN_3484,207.0
KRQN_3556,207.0
KRQN_3818,207.0
KRQN_4031,207.0
KRQN_4182,207.0
KRQN_4352,207.0
KRQN_4477,207.0
KRQN_4849,207.0
Rand_779,207.0
Rand_911,207.0
Rand_1033,207.0
Rand_1098,207.0
Rand_1821,207.0
Rand_2373,207.0
Rand_2448,207.0
Rand_2855,207.0
Rand_3326,207.0
Rand_3622,207.0
Rand_3675,207.0
Rand_3768,207.0
Rand_4352,207.0
Rand_4363,207.0
Rand_4375,207.0
Rand_4814,207.0
Rand_4914,207.0
Rand_4992,207.0
KRQN_287,208.0
KRQN_641,208.0
KRQN_708,208.0
KRQN_1818,208.0
KRQN_1826,208.0
KRQN_1927,208.0
KRQN_2216,208.0
KRQN_2931,208.0
KRQN_3226,208.0
KRQN_4513,208.0
Rand_812,208.0
KRQN_891,209.0
KRQN_897,209.0
KRQN_1776,209.0
KRQN_2169,209.0
KRQN_2439,209.0
KRQN_3106,209.0
KRQN_3786,209.0
KRQN_4180,209.0
KRQN_4341,209.0
KRQN_4373,209.0
KRQN_4440,209.0
KRQN_4658,209.0
KRQN_4915,209.0
KRQN_4954,209.0
Rand_216,209.0
Rand_719,209.0
Rand_1594,209.0
Rand_1961,209.0
Rand_2165,209.0
Rand_2492,209.0
Rand_3764,209.0
Rand_4062,209.0
DEYH_4070,210.0
KRQN_31,210.0
KRQN_643,210.0
KRQN_1371,210.0
KRQN_4836,210.0
Rand_716,210.0
Rand_1080,210.0
Rand_1234,210.0
Rand_1248,210.0
Rand_1998,210.0
Rand_2081,210.0
Rand_2719,210.0
Rand_2900,210.0
Rand_3718,210.0
DEYH_332,211.0
DEYH_1706,211.0
DEYH_1920,211.0
DEYH_2528,211.0
DEYH_3746,211.0
DEYH_4113,211.0
KRQN_1088,211.0
KRQN_2528,211.0
KRQN_2736,211.0
KRQN_3492,211.0
KRQN_3857,211.0
KRQN_4741,211.0
Rand_1018,211.0
Rand_1137,211.0
Rand_1812,211.0
Rand_2329,211.0
Rand_2392,211.0
Rand_2418,211.0
Rand_2763,211.0
Rand_2921,211.0
Rand_3165,211.0
Rand_3516,211.0
Rand_4065,211.0
DEYH_2056,212.0
KRQN_166,212.0
KRQN_286,212.0
KRQN_337,212.0
KRQN_527,212.0
KRQN_892,212.0
KRQN_1229,212.0
KRQN_1485,212.0
KRQN_1661,212.0
KRQN_1786,212.0
KRQN_4823,212.0
Rand_507,212.0
Rand_2079,212.0
Rand_3589,212.0
DEYH_248,213.0
DEYH_476,213.0
DEYH_715,213.0
DEYH_1196,213.0
DEYH_1316,213.0
DEYH_1506,213.0
DEYH_1781,213.0
DEYH_2239,213.0
DEYH_2432,213.0
DEYH_2485,213.0
DEYH_2869,213.0
DEYH_3500,213.0
DEYH_3600,213.0
DEYH_3656,213.0
DEYH_3837,213.0
DEYH_3967,213.0
DEYH_3985,213.0
DEYH_4092,213.0
DEYH_4156,213.0
DEYH_4698,213.0
DEYH_4831,213.0
Rand_1347,213.0
DEYH_72,214.0
DEYH_509,214.0
DEYH_871,214.0
DEYH_1329,214.0
DEYH_1559,214.0
DEYH_1880,214.0
DEYH_2007,214.0
DEYH_2152,214.0
DEYH_2490,214.0
DEYH_3916,214.0
DEYH_4003,214.0
DEYH_4795,214.0
DEYH_4859,214.0
DEYH_111,215.0
DEYH_164,215.0
DEYH_206,215.0
DEYH_265,215.0
DEYH_816,215.0
DEYH_975,215.0
DEYH_1339,215.0
DEYH_1437,215.0
DEYH_1472,215.0
DEYH_1647,215.0
DEYH_2213,215.0
DEYH_2609,215.0
DEYH_4277,215.0
DEYH_4486,215.0
DEYH_4742,215.0
DEYH_4847,215.0
DEYH_634,216.0
DEYH_1149,216.0
DEYH_1164,216.0
DEYH_1637,216.0
DEYH_1937,216.0
DEYH_2557,216.0
DEYH_2596,216.0
DEYH_2799,216.0
DEYH_3397,216.0
DEYH_3741,216.0
DEYH_4320,216.0
DEYH_4383,216.0
DEYH_4403,216.0
DEYH_4732,216.0
DEYH_4944,216.0
DEYH_28,217.0
DEYH_33,217.0
DEYH_187,217.0
DEYH_334,217.0
DEYH_601,217.0
DEYH_759,217.0
DEYH_1008,217.0
DEYH_1050,217.0
DEYH_1311,217.0
DEYH_1834,217.0
DEYH_2208,217.0
DEYH_2286,217.0
DEYH_2718,217.0
DEYH_2788,217.0
DEYH_2836,217.0
DEYH_3021,217.0
DEYH_3239,217.0
DEYH_3557,217.0
DEYH_3669,217.0
DEYH_3693,217.0
DEYH_4425,217.0
DEYH_4552,217.0
DEYH_802,218.0
DEYH_974,218.0
DEYH_1151,218.0
DEYH_1832,218.0
DEYH_1917,218.0
DEYH_2028,218.0
DEYH_2285,218.0
DEYH_2728,218.0
DEYH_3007,218.0
DEYH_3238,218.0
DEYH_3387,218.0
DEYH_3680,218.0
DEYH_4305,218.0
DEYH_4413,218.0
DEYH_4656,218.0
DEYH_4726,218.0
DEYH_53,219.0
DEYH_62,219.0
DEYH_122,219.0
DEYH_699,219.0
DEYH_879,219.0
DEYH_1067,219.0
DEYH_1108,219.0
DEYH_1109,219.0
DEYH_1122,219.0
DEYH_1181,219.0
DEYH_1314,219.0
DEYH_1380,219.0
DEYH_1403,219.0
DEYH_1415,219.0
DEYH_1447,219.0
DEYH_1491,219.0
DEYH_1504,219.0
DEYH_1524,219.0
DEYH_1562,219.0
DEYH_1761,219.0
DEYH_1895,219.0
DEYH_2207,219.0
DEYH_2243,219.0
DEYH_2294,219.0
DEYH_2416,219.0
DEYH_2752,219.0
DEYH_3029,219.0
DEYH_3272,219.0
DEYH_3422,219.0
DEYH_3607,219.0
DEYH_3699,219.0
DEYH_3902,219.0
DEYH_3911,219.0
DEYH_4339,219.0
DEYH_4385,219.0
DEYH_4430,219.0
DEYH_4496,219.0
DEYH_4767,219.0
DEYH_4918,219.0
KRQN_743,219.0
Rand_4271,219.0
Rand_4640,219.0
DEYH_3718,220.0
KRQN_1245,220.0
KRQN_1249,220.0
KRQN_3081,220.0
KRQN_3119,220.0
Rand_685,220.0
Rand_705,220.0
Rand_841,220.0
Rand_1194,220.0
Rand_1567,220.0
Rand_1637,220.0
Rand_2208,220.0
Rand_2881,220.0
Rand_3148,220.0
Rand_3441,220.0
Rand_3521,220.0
Rand_3725,220.0
Rand_3781,220.0
Rand_4613,220.0
DEYH_238,221.0
DEYH_414,221.0
DEYH_512,221.0
DEYH_602,221.0
DEYH_749,221.0
DEYH_883,221.0
DEYH_959,221.0
DEYH_965,221.0
DEYH_1136,221.0
DEYH_1377,221.0
DEYH_1528,221.0
DEYH_1681,221.0
DEYH_1819,221.0
DEYH_2011,221.0
DEYH_2065,221.0
DEYH_2632,221.0
DEYH_2847,221.0
DEYH_3406,221.0
DEYH_3569,221.0
DEYH_3581,221.0
DEYH_3891,221.0
DEYH_3897,221.0
DEYH_3994,221.0
DEYH_4009,221.0
DEYH_4037,221.0
DEYH_4045,221.0
DEYH_4188,221.0
DEYH_4218,221.0
DEYH_4382,221.0
DEYH_4454,221.0
DEYH_4583,221.0
DEYH_4737,221.0
Rand_364,221.0
Rand_1467,221.0
Rand_2600,221.0
Rand_3590,221.0
Rand_4754,221.0
DEYH_999,222.0
DEYH_1780,222.0
DEYH_1968,222.0
DEYH_2190,222.0
DEYH_2459,222.0
DEYH_2587,222.0
DEYH_2935,222.0
DEYH_3299,222.0
DEYH_3515,222.0
DEYH_3567,222.0
DEYH_3700,222.0
DEYH_3913,222.0
DEYH_4575,222.0
DEYH_4870,222.0
DEYH_4919,222.0
DEYH_484,223.0
DEYH_616,223.0
DEYH_1179,223.0
DEYH_1564,223.0
DEYH_2335,223.0
DEYH_2379,223.0
DEYH_2473,223.0
DEYH_2871,223.0
DEYH_3027,223.0
DEYH_3881,223.0
DEYH_4210,223.0
DEYH_4311,223.0
DEYH_4503,223.0
DEYH_4719,223.0
DEYH_4800,223.0
DEYH_4861,223.0
Rand_699,223.0
Rand_4546,223.0
DEYH_343,224.0
DEYH_528,224.0
DEYH_1110,224.0
DEYH_1496,224.0
DEYH_1702,224.0
DEYH_1883,224.0
DEYH_2406,224.0
DEYH_2511,224.0
DEYH_2603,224.0
DEYH_2782,224.0
DEYH_2889,224.0
DEYH_2907,224.0
DEYH_3125,224.0
DEYH_3290,224.0
DEYH_3354,224.0
DEYH_3400,224.0
DEYH_3412,224.0
DEYH_3482,224.0
DEYH_3683,224.0
DEYH_3935,224.0
DEYH_4205,224.0
DEYH_4224,224.0
DEYH_4369,224.0
DEYH_4521,224.0
DEYH_4532,224.0
DEYH_4669,224.0
DEYH_4908,224.0
Rand_2466,224.0
Rand_3144,224.0
DEYH_29,225.0
DEYH_88,225.0
DEYH_356,225.0
DEYH_584,225.0
DEYH_722,225.0
DEYH_787,225.0
DEYH_852,225.0
DEYH_937,225.0
DEYH_957,225.0
DEYH_983,225.0
DEYH_1011,225.0
DEYH_1014,225.0
DEYH_1035,225.0
DEYH_1671,225.0
DEYH_1708,225.0
DEYH_2017,225.0
DEYH_2184,225.0
DEYH_2261,225.0
DEYH_2328,225.0
DEYH_2475,225.0
DEYH_2637,225.0
DEYH_2667,225.0
DEYH_2693,225.0
DEYH_2713,225.0
DEYH_2719,225.0
DEYH_2815,225.0
DEYH_2831,225.0
DEYH_2832,225.0
DEYH_2870,225.0
DEYH_2950,225.0
DEYH_2956,225.0
DEYH_2957,225.0
DEYH_3017,225.0
DEYH_3070,225.0
DEYH_3276,225.0
DEYH_3335,225.0
DEYH_3624,225.0
DEYH_3642,225.0
DEYH_3715,225.0
DEYH_3722,225.0
DEYH_3831,225.0
DEYH_3855,225.0
DEYH_4044,225.0
DEYH_4059,225.0
DEYH_4252,225.0
DEYH_4260,225.0
DEYH_4543,225.0
DEYH_4731,225.0
DEYH_4803,225.0
Rand_516,225.0
Rand_648,225.0
Rand_661,225.0
Rand_726,225.0
Rand_3058,225.0
Rand_4547,225.0
DEYH_996,226.0
DEYH_1239,226.0
DEYH_1266,226.0
DEYH_1295,226.0
DEYH_1590,226.0
DEYH_1679,226.0
DEYH_2031,226.0
DEYH_2615,226.0
DEYH_2973,226.0
DEYH_3282,226.0
DEYH_3477,226.0
DEYH_3487,226.0
DEYH_4096,226.0
DEYH_4193,226.0
DEYH_4481,226.0
DEYH_4597,226.0
DEYH_4651,226.0
DEYH_4701,226.0
DEYH_4995,226.0
Rand_1840,226.0
Rand_4017,226.0
DEYH_498,227.0
DEYH_633,227.0
DEYH_1273,227.0
DEYH_2654,227.0
DEYH_2955,227.0
DEYH_3130,227.0
DEYH_3241,227.0
DEYH_4170,227.0
DEYH_4274,227.0
DEYH_4979,227.0
Rand_245,227.0
Rand_518,227.0
Rand_4897,227.0
DEYH_1280,228.0
DEYH_1348,228.0
DEYH_1856,228.0
DEYH_2049,228.0
DEYH_2090,228.0
DEYH_2938,228.0
DEYH_3206,228.0
DEYH_3229,228.0
DEYH_3417,228.0
DEYH_3489,228.0
DEYH_3877,228.0
DEYH_4206,228.0
DEYH_4238,228.0
DEYH_4620,228.0
DEYH_4808,228.0
Rand_3774,228.0
Rand_3857,228.0
Rand_4608,228.0
DEYH_552,229.0
DEYH_1323,229.0
DEYH_1395,229.0
DEYH_1401,229.0
DEYH_1672,229.0
DEYH_1685,229.0
DEYH_1838,229.0
DEYH_3000,229.0
DEYH_3641,229.0
DEYH_4307,229.0
DEYH_277,230.0
DEYH_609,230.0
DEYH_637,230.0
DEYH_733,230.0
DEYH_782,230.0
DEYH_837,230.0
DEYH_2220,230.0
DEYH_3063,230.0
DEYH_3104,230.0
DEYH_3203,230.0
DEYH_3292,230.0
DEYH_3995,230.0
DEYH_4588,230.0
DEYH_4887,230.0
Rand_1573,230.0
Rand_1591,230.0
Rand_3215,230.0
Rand_3266,230.0
Rand_4196,230.0
DEYH_194,231.0
DEYH_447,231.0
DEYH_551,231.0
DEYH_841,231.0
DEYH_1027,231.0
DEYH_1629,231.0
DEYH_1655,231.0
DEYH_2034,231.0
DEYH_2280,231.0
DEYH_2437,231.0
DEYH_3065,231.0
DEYH_3162,231.0
DEYH_3424,231.0
DEYH_3850,231.0
DEYH_3989,231.0
DEYH_4048,231.0
DEYH_4310,231.0
DEYH_4806,231.0
DEYH_4906,231.0
DEYH_4949,231.0
KRQN_732,231.0
Rand_295,231.0
Rand_1516,231.0
Rand_1590,231.0
DEYH_308,232.0
DEYH_570,232.0
DEYH_732,232.0
DEYH_903,232.0
DEYH_1248,232.0
DEYH_2002,232.0
DEYH_2251,232.0
DEYH_2419,232.0
DEYH_2634,232.0
DEYH_2854,232.0
DEYH_3806,232.0
DEYH_4094,232.0
DEYH_4278,232.0
DEYH_4536,232.0
DEYH_4538,232.0
DEYH_4693,232.0
DEYH_4785,232.0
DEYH_427,233.0
DEYH_653,233.0
DEYH_743,233.0
DEYH_2282,233.0
DEYH_2452,233.0
DEYH_2890,233.0
DEYH_3164,233.0
DEYH_3166,233.0
DEYH_3770,233.0
DEYH_4586,233.0
DEYH_4690,233.0
DEYH_919,234.0
DEYH_963,234.0
DEYH_991,234.0
DEYH_1265,234.0
DEYH_1445,234.0
DEYH_1634,234.0
DEYH_1638,234.0
DEYH_1688,234.0
DEYH_1881,234.0
DEYH_2415,234.0
DEYH_2547,234.0
DEYH_2611,234.0
DEYH_2642,234.0
DEYH_3300,234.0
DEYH_3355,234.0
DEYH_3448,234.0
DEYH_3546,234.0
DEYH_3757,234.0
DEYH_3814,234.0
DEYH_4081,234.0
DEYH_4415,234.0
DEYH_4441,234.0
DEYH_4520,234.0
DEYH_4566,234.0
DEYH_4750,234.0
DEYH_4793,234.0
Rand_4067,234.0
DEYH_467,235.0
DEYH_640,235.0
DEYH_680,235.0
DEYH_1855,235.0
DEYH_2023,235.0
DEYH_2035,235.0
DEYH_2178,235.0
DEYH_2491,235.0
DEYH_3058,235.0
DEYH_3485,235.0
DEYH_4085,235.0
DEYH_4338,235.0
DEYH_4601,235.0
DEYH_4607,235.0
DEYH_4762,235.0
DEYH_4775,235.0
DEYH_4924,235.0
DEYH_10,236.0
DEYH_148,236.0
DEYH_176,236.0
DEYH_222,236.0
DEYH_542,236.0
DEYH_626,236.0
DEYH_636,236.0
DEYH_727,236.0
DEYH_807,236.0
DEYH_977,236.0
DEYH_1037,236.0
DEYH_1247,236.0
DEYH_1795,236.0
DEYH_1841,236.0
DEYH_2240,236.0
DEYH_2562,236.0
DEYH_2812,236.0
DEYH_2829,236.0
DEYH_2857,236.0
DEYH_3126,236.0
DEYH_3429,236.0
DEYH_3474,236.0
DEYH_3521,236.0
DEYH_3872,236.0
DEYH_3954,236.0
DEYH_4330,236.0
DEYH_4363,236.0
DEYH_4432,236.0
DEYH_4479,236.0
DEYH_4578,236.0
DEYH_4804,236.0
DEYH_548,237.0
DEYH_2762,237.0
DEYH_2810,237.0
DEYH_3043,237.0
DEYH_3057,237.0
DEYH_3518,237.0
DEYH_3789,237.0
DEYH_4862,237.0
DEYH_4959,237.0
DEYH_4997,237.0
KRQN_229,237.0
KRQN_3219,237.0
Rand_1602,237.0
Rand_4233,237.0
DEYH_392,238.0
DEYH_522,238.0
DEYH_550,238.0
DEYH_1152,238.0
DEYH_1158,238.0
DEYH_1313,238.0
DEYH_1884,238.0
DEYH_2173,238.0
DEYH_2518,238.0
DEYH_2680,238.0
DEYH_3216,238.0
DEYH_3277,238.0
DEYH_3484,238.0
DEYH_3619,238.0
DEYH_3632,238.0
DEYH_3899,238.0
DEYH_4237,238.0
DEYH_4301,238.0
DEYH_4494,238.0
DEYH_4622,238.0
DEYH_4692,238.0
DEYH_4929,238.0
Rand_600,238.0
Rand_2315,238.0
Rand_3402,238.0
Rand_3988,238.0
Rand_4366,238.0
Rand_4578,238.0
Rand_4684,238.0
DEYH_473,239.0
DEYH_671,239.0
DEYH_1399,239.0
DEYH_2004,239.0
DEYH_2174,239.0
DEYH_2254,239.0
DEYH_3147,239.0
DEYH_3373,239.0
DEYH_3544,239.0
DEYH_3644,239.0
KRQN_2139,239.0
Rand_4953,239.0
DEYH_1393,240.0
DEYH_1574,240.0
DEYH_1857,240.0
DEYH_1896,240.0
DEYH_1911,240.0
DEYH_2284,240.0
DEYH_2984,240.0
DEYH_3717,240.0
KRQN_3939,240.0
Rand_698,240.0
DEYH_143,241.0
DEYH_549,241.0
DEYH_776,241.0
DEYH_865,241.0
DEYH_1032,241.0
DEYH_1408,241.0
DEYH_1831,241.0
DEYH_1964,241.0
DEYH_2053,241.0
DEYH_2413,241.0
DEYH_2512,241.0
DEYH_2774,241.0
DEYH_2941,241.0
DEYH_3069,241.0
DEYH_3209,241.0
DEYH_4031,241.0
DEYH_4106,241.0
Rand_249,241.0
Rand_3862,241.0
KRQN_661,242.0
KRQN_761,242.0
KRQN_821,242.0
KRQN_865,242.0
KRQN_1625,242.0
KRQN_2353,242.0
KRQN_2766,242.0
KRQN_2768,242.0
KRQN_2818,242.0
KRQN_3139,242.0
KRQN_3463,242.0
KRQN_4501,242.0
KRQN_4704,242.0
Rand_3355,242.0
Rand_3871,242.0
DEYH_2006,243.0
KRQN_239,243.0
KRQN_1129,243.0
KRQN_1298,243.0
KRQN_1547,243.0
KRQN_2371,243.0
KRQN_2485,243.0
KRQN_2741,243.0
KRQN_2878,243.0
KRQN_2965,243.0
KRQN_3561,243.0
KRQN_4024,243.0
KRQN_4566,243.0
KRQN_4570,243.0
KRQN_4577,243.0
KRQN_4901,243.0
Rand_513,243.0
Rand_1295,243.0
Rand_1445,243.0
Rand_2076,243.0
Rand_2183,243.0
DEYH_3194,244.0
DEYH_3294,244.0
KRQN_134,244.0
KRQN_349,244.0
KRQN_381,244.0
KRQN_1174,244.0
KRQN_1321,244.0
KRQN_1586,244.0
KRQN_2236,244.0
KRQN_2327,244.0
KRQN_2540,244.0
KRQN_2842,244.0
KRQN_3153,244.0
KRQN_3309,244.0
KRQN_3331,244.0
KRQN_3651,244.0
KRQN_3839,244.0
KRQN_4328,244.0
KRQN_4401,244.0
KRQN_4524,244.0
Rand_670,244.0
Rand_1315,244.0
Rand_1373,244.0
Rand_2787,244.0
Rand_4719,244.0
KRQN_300,245.0
KRQN_586,245.0
KRQN_793,245.0
KRQN_983,245.0
KRQN_1833,245.0
KRQN_2748,245.0
KRQN_2773,245.0
KRQN_2928,245.0
KRQN_4226,245.0
Rand_503,245.0
KRQN_46,246.0
KRQN_112,246.0
KRQN_222,246.0
KRQN_841,246.0
KRQN_1065,246.0
KRQN_1097,246.0
KRQN_1293,246.0
KRQN_1385,246.0
KRQN_1412,246.0
KRQN_1659,246.0
KRQN_1896,246.0
KRQN_2245,246.0
KRQN_2499,246.0
KRQN_2574,246.0
KRQN_2611,246.0
KRQN_2981,246.0
KRQN_3193,246.0
KRQN_3200,246.0
KRQN_3315,246.0
KRQN_3458,246.0
KRQN_3477,246.0
KRQN_3594,246.0
KRQN_3851,246.0
KRQN_4588,246.0
KRQN_4648,246.0
KRQN_4927,246.0
KRQN_4991,246.0
KRQN_4998,246.0
Rand_4601,246.0
KRQN_57,247.0
KRQN_115,247.0
KRQN_1030,247.0
KRQN_1130,247.0
KRQN_1216,247.0
KRQN_1357,247.0
KRQN_1900,247.0
KRQN_2115,247.0
KRQN_2209,247.0
KRQN_2270,247.0
KRQN_2319,247.0
KRQN_2623,247.0
KRQN_3202,247.0
KRQN_3647,247.0
KRQN_159,248.0
KRQN_163,248.0
KRQN_333,248.0
KRQN_604,248.0
KRQN_692,248.0
KRQN_721,248.0
KRQN_781,248.0
KRQN_1044,248.0
KRQN_1053,248.0
KRQN_1066,248.0
KRQN_1086,248.0
KRQN_1182,248.0
KRQN_1579,248.0
KRQN_1677,248.0
KRQN_1877,248.0
KRQN_1903,248.0
KRQN_1938,248.0
KRQN_1993,248.0
KRQN_2002,248.0
KRQN_2033,248.0
KRQN_2070,248.0
KRQN_2388,248.0
KRQN_2505,248.0
KRQN_2777,248.0
KRQN_2866,248.0
KRQN_2966,248.0
KRQN_3277,248.0
KRQN_3333,248.0
KRQN_3585,248.0
KRQN_3629,248.0
KRQN_3714,248.0
KRQN_3733,248.0
KRQN_3775,248.0
KRQN_3923,248.0
KRQN_3955,248.0
KRQN_4017,248.0
KRQN_4090,248.0
KRQN_4138,248.0
KRQN_4306,248.0
KRQN_4625,248.0
KRQN_936,249.0
KRQN_1243,249.0
KRQN_1370,249.0
KRQN_1422,249.0
KRQN_1463,249.0
KRQN_1670,249.0
KRQN_1887,249.0
KRQN_2067,249.0
KRQN_2185,249.0
KRQN_2406,249.0
KRQN_2569,249.0
KRQN_2650,249.0
KRQN_2998,249.0
KRQN_3075,249.0
KRQN_3085,249.0
KRQN_3479,249.0
KRQN_3689,249.0
KRQN_3731,249.0
KRQN_4039,249.0
KRQN_4194,249.0
KRQN_4276,249.0
KRQN_4885,249.0
KRQN_33,250.0
KRQN_87,250.0
KRQN_98,250.0
KRQN_724,250.0
KRQN_955,250.0
KRQN_1369,250.0
KRQN_1545,250.0
KRQN_2592,250.0
KRQN_2704,250.0
KRQN_3179,250.0
KRQN_3507,250.0
KRQN_3830,250.0
KRQN_3952,250.0
KRQN_4111,250.0
KRQN_4158,250.0
Rand_3907,250.0
KRQN_225,251.0
KRQN_489,251.0
KRQN_613,251.0
KRQN_658,251.0
KRQN_768,251.0
KRQN_771,251.0
KRQN_1823,251.0
KRQN_1973,251.0
KRQN_2191,251.0
KRQN_2368,251.0
KRQN_2399,251.0
KRQN_2549,251.0
KRQN_2649,251.0
KRQN_2889,251.0
KRQN_2907,251.0
KRQN_2910,251.0
KRQN_3084,251.0
KRQN_3140,251.0
KRQN_3431,251.0
KRQN_3811,251.0
KRQN_3870,251.0
KRQN_4183,251.0
KRQN_4238,251.0
KRQN_4301,251.0
KRQN_4511,251.0
KRQN_4694,251.0
KRQN_4717,251.0
KRQN_4799,251.0
KRQN_4883,251.0
KRQN_4924,251.0
KRQN_44,252.0
KRQN_423,252.0
KRQN_682,252.0
KRQN_742,252.0
KRQN_766,252.0
KRQN_881,252.0
KRQN_966,252.0
KRQN_970,252.0
KRQN_1041,252.0
KRQN_1527,252.0
KRQN_1550,252.0
KRQN_1714,252.0
KRQN_1798,252.0
KRQN_1870,252.0
KRQN_1884,252.0
KRQN_1890,252.0
KRQN_2122,252.0
KRQN_2237,252.0
KRQN_2437,252.0
KRQN_2945,252.0
KRQN_3188,252.0
KRQN_3205,252.0
KRQN_3617,252.0
KRQN_4032,252.0
KRQN_4272,252.0
KRQN_4715,252.0
KRQN_4845,252.0
Rand_411,252.0
Rand_541,252.0
Rand_1414,252.0
Rand_3650,252.0
KRQN_605,253.0
KRQN_926,253.0
KRQN_1116,253.0
KRQN_1601,253.0
KRQN_1724,253.0
KRQN_1804,253.0
KRQN_1889,253.0
KRQN_2217,253.0
KRQN_2790,253.0
KRQN_3372,253.0
KRQN_3744,253.0
KRQN_3974,253.0
Rand_4550,253.0
KRQN_246,254.0
KRQN_347,254.0
KRQN_921,254.0
KRQN_1161,254.0
KRQN_1600,254.0
KRQN_1610,254.0
KRQN_1837,254.0
KRQN_1969,254.0
KRQN_3017,254.0
KRQN_3317,254.0
KRQN_3459,254.0
KRQN_3783,254.0
KRQN_3808,254.0
KRQN_3891,254.0
KRQN_3934,254.0
KRQN_4169,254.0
KRQN_4490,254.0
KRQN_4572,254.0
KRQN_4846,254.0
KRQN_371,255.0
KRQN_1177,255.0
KRQN_1793,255.0
KRQN_2063,255.0
KRQN_2257,255.0
KRQN_2558,255.0
KRQN_2567,255.0
KRQN_2602,255.0
KRQN_3369,255.0
KRQN_3446,255.0
KRQN_3533,255.0
KRQN_3835,255.0
KRQN_4462,255.0
KRQN_4573,255.0
KRQN_4850,255.0
Rand_789,255.0
Rand_1045,255.0
Rand_1774,255.0
Rand_3389,255.0
KRQN_372,256.0
KRQN_472,256.0
KRQN_1453,256.0
KRQN_1710,256.0
KRQN_1730,256.0
KRQN_1769,256.0
KRQN_1810,256.0
KRQN_2156,256.0
KRQN_3127,256.0
KRQN_3443,256.0
KRQN_3567,256.0
KRQN_3625,256.0
KRQN_3994,256.0
KRQN_4136,256.0
KRQN_4580,256.0
KRQN_4592,256.0
Rand_4108,256.0
KRQN_123,257.0
KRQN_1081,257.0
KRQN_1983,257.0
KRQN_1986,257.0
KRQN_2183,257.0
KRQN_2455,257.0
KRQN_2464,257.0
KRQN_4402,257.0
KRQN_4630,257.0
KRQN_4815,257.0
Rand_2749,257.0
KRQN_72,258.0
KRQN_601,258.0
KRQN_712,258.0
KRQN_764,258.0
KRQN_1715,258.0
KRQN_1995,258.0
KRQN_2077,258.0
KRQN_2252,258.0
KRQN_2351,258.0
KRQN_2709,258.0
KRQN_2891,258.0
KRQN_2905,258.0
KRQN_3245,258.0
KRQN_3713,258.0
KRQN_3949,258.0
KRQN_4252,258.0
KRQN_4396,258.0
KRQN_4400,258.0
KRQN_4612,258.0
KRQN_4838,258.0
KRQN_17,259.0
KRQN_606,259.0
KRQN_1221,259.0
KRQN_1419,259.0
KRQN_1814,259.0
KRQN_2290,259.0
KRQN_2336,259.0
KRQN_2707,259.0
KRQN_2914,259.0
KRQN_3025,259.0
KRQN_3125,259.0
KRQN_3675,259.0
KRQN_3920,259.0
KRQN_4678,259.0
KRQN_4778,259.0
KRQN_4808,259.0
KRQN_4907,259.0
KRQN_4909,259.0
KRQN_4970,259.0
Rand_3655,259.0
DEYH_577,260.0
DEYH_806,260.0
DEYH_1489,260.0
DEYH_4392,260.0
KRQN_317,260.0
KRQN_322,260.0
KRQN_444,260.0
KRQN_481,260.0
KRQN_506,260.0
KRQN_528,260.0
KRQN_530,260.0
KRQN_749,260.0
KRQN_1244,260.0
KRQN_2338,260.0
KRQN_2527,260.0
KRQN_2536,260.0
KRQN_3023,260.0
KRQN_3115,260.0
KRQN_3487,260.0
KRQN_3789,260.0
KRQN_3889,260.0
KRQN_4147,260.0
KRQN_4406,260.0
KRQN_4681,260.0
Rand_703,260.0
Rand_3385,260.0
Rand_3472,260.0
KRQN_96,261.0
KRQN_297,261.0
KRQN_470,261.0
KRQN_576,261.0
KRQN_912,261.0
KRQN_1828,261.0
KRQN_2892,261.0
KRQN_3051,261.0
KRQN_3345,261.0
KRQN_3367,261.0
KRQN_3550,261.0
KRQN_3973,261.0
Rand_203,261.0
DEYH_779,262.0
KRQN_479,262.0
KRQN_577,262.0
KRQN_1127,262.0
KRQN_1167,262.0
KRQN_1312,262.0
KRQN_1434,262.0
KRQN_1803,262.0
KRQN_2091,262.0
KRQN_2382,262.0
KRQN_3067,262.0
KRQN_3211,262.0
KRQN_3366,262.0
KRQN_3765,262.0
KRQN_3894,262.0
KRQN_4149,262.0
KRQN_4960,262.0
Rand_327,262.0
Rand_925,262.0
Rand_2062,262.0
Rand_2087,262.0
KRQN_1172,263.0
KRQN_1360,263.0
KRQN_1384,263.0
KRQN_1449,263.0
KRQN_1768,263.0
KRQN_2600,263.0
KRQN_2726,263.0
KRQN_2742,263.0
KRQN_3209,263.0
KRQN_3696,263.0
KRQN_4113,263.0
KRQN_4129,263.0
KRQN_4191,263.0
KRQN_4472,263.0
KRQN_4474,263.0
Rand_1974,263.0
Rand_4706,263.0
DEYH_3676,264.0
KRQN_1106,264.0
KRQN_2497,264.0
KRQN_3213,264.0
KRQN_3235,264.0
KRQN_3494,264.0
KRQN_3671,264.0
KRQN_4342,264.0
KRQN_4677,264.0
KRQN_4752,264.0
Rand_414,264.0
Rand_2442,264.0
Rand_2773,264.0
Rand_4699,264.0
KRQN_19,265.0
KRQN_738,265.0
KRQN_759,265.0
KRQN_1114,265.0
KRQN_1336,265.0
KRQN_1469,265.0
KRQN_1864,265.0
KRQN_1960,265.0
KRQN_2391,265.0
KRQN_2407,265.0
KRQN_2460,265.0
KRQN_2696,265.0
KRQN_2803,265.0
KRQN_3024,265.0
KRQN_3242,265.0
KRQN_3337,265.0
KRQN_3887,265.0
KRQN_4614,265.0
KRQN_4698,265.0
KRQN_4716,265.0
KRQN_4777,265.0
KRQN_4870,265.0
Rand_573,265.0
Rand_1735,265.0
Rand_1946,265.0
Rand_2172,265.0
Rand_2670,265.0
Rand_3535,265.0
Rand_3865,265.0
Rand_3933,265.0
KRQN_143,266.0
KRQN_525,266.0
KRQN_1272,266.0
KRQN_1672,266.0
KRQN_1939,266.0
KRQN_2405,266.0
KRQN_2656,266.0
KRQN_3006,266.0
KRQN_3239,266.0
KRQN_3246,266.0
KRQN_3347,266.0
KRQN_3462,266.0
KRQN_3798,266.0
KRQN_4042,266.0
Rand_519,266.0
Rand_741,266.0
Rand_2601,266.0
KRQN_378,267.0
KRQN_566,267.0
KRQN_627,267.0
KRQN_977,267.0
KRQN_1234,267.0
KRQN_1311,267.0
KRQN_3800,267.0
KRQN_3845,267.0
Rand_1457,267.0
Rand_4143,267.0
KRQN_594,268.0
KRQN_898,268.0
KRQN_1474,268.0
KRQN_1570,268.0
KRQN_2463,268.0
KRQN_3340,268.0
KRQN_3601,268.0
KRQN_3827,268.0
KRQN_4104,268.0
KRQN_4159,268.0
KRQN_4832,268.0
KRQN_2973,269.0
KRQN_3522,269.0
KRQN_3641,269.0
KRQN_3848,269.0
Rand_1065,269.0
Rand_1235,269.0
Rand_1648,269.0
Rand_2884,269.0
Rand_3237,269.0
Rand_4540,269.0
DEYH_2352,270.0
DEYH_3839,270.0
KRQN_1188,270.0
KRQN_1577,270.0
KRQN_1696,270.0
KRQN_2379,270.0
KRQN_2432,270.0
KRQN_2872,270.0
KRQN_4107,270.0
KRQN_4811,270.0
Rand_2161,270.0
Rand_2450,270.0
Rand_2840,270.0
Rand_3909,270.0
Rand_4708,270.0
KRQN_360,271.0
KRQN_572,271.0
KRQN_670,271.0
KRQN_847,271.0
KRQN_877,271.0
KRQN_979,271.0
KRQN_1015,271.0
KRQN_1290,271.0
KRQN_1355,271.0
KRQN_1516,271.0
KRQN_1591,271.0
KRQN_1612,271.0
KRQN_1751,271.0
KRQN_2125,271.0
KRQN_2202,271.0
KRQN_2293,271.0
KRQN_2394,271.0
KRQN_2395,271.0
KRQN_2811,271.0
KRQN_2823,271.0
KRQN_2932,271.0
KRQN_3041,271.0
KRQN_3583,271.0
KRQN_4096,271.0
KRQN_4320,271.0
KRQN_4416,271.0
KRQN_4483,271.0
KRQN_4537,271.0
KRQN_4642,271.0
KRQN_4806,271.0
KRQN_4898,271.0
Rand_1304,271.0
Rand_1745,271.0
Rand_3229,271.0
KRQN_1754,272.0
KRQN_1824,272.0
KRQN_2737,272.0
KRQN_2756,272.0
KRQN_3030,272.0
KRQN_3102,272.0
KRQN_3175,272.0
KRQN_3521,272.0
KRQN_4819,272.0
Rand_303,272.0
Rand_2575,272.0
Rand_4138,272.0
KRQN_70,273.0
KRQN_334,273.0
KRQN_656,273.0
KRQN_723,273.0
KRQN_1196,273.0
KRQN_1872,273.0
KRQN_2894,273.0
KRQN_3039,273.0
KRQN_3373,273.0
KRQN_3746,273.0
KRQN_4200,273.0
KRQN_4827,273.0
KRQN_4892,273.0
Rand_3280,273.0
KRQN_43,274.0
KRQN_652,274.0
KRQN_1139,274.0
KRQN_1428,274.0
KRQN_2244,274.0
KRQN_3404,274.0
KRQN_3919,274.0
KRQN_4123,274.0
Rand_1729,274.0
Rand_3701,274.0
Rand_4755,274.0
KRQN_518,275.0
KRQN_1728,275.0
KRQN_2088,275.0
KRQN_3416,275.0
KRQN_3577,275.0
KRQN_4092,275.0
KRQN_4102,275.0
KRQN_4484,275.0
KRQN_4942,275.0
Rand_3224,275.0
KRQN_727,276.0
KRQN_1042,276.0
KRQN_1444,276.0
KRQN_1539,276.0
KRQN_1820,276.0
KRQN_2105,276.0
KRQN_3243,276.0
KRQN_3261,276.0
KRQN_3478,276.0
KRQN_3519,276.0
KRQN_3566,276.0
KRQN_3718,276.0
KRQN_3812,276.0
KRQN_3917,276.0
KRQN_3991,276.0
KRQN_4173,276.0
KRQN_4422,276.0
KRQN_4731,276.0
KRQN_4784,276.0
Rand_111,276.0
Rand_1647,276.0
Rand_4323,276.0
KRQN_355,277.0
KRQN_611,277.0
KRQN_637,277.0
KRQN_854,277.0
KRQN_868,277.0
KRQN_1626,277.0
KRQN_1673,277.0
KRQN_1674,277.0
KRQN_2143,277.0
KRQN_2300,277.0
KRQN_2361,277.0
KRQN_2604,277.0
KRQN_3284,277.0
KRQN_4124,277.0
KRQN_4604,277.0
KRQN_190,278.0
KRQN_665,278.0
KRQN_1187,278.0
KRQN_1297,278.0
KRQN_1678,278.0
KRQN_1708,278.0
KRQN_1835,278.0
KRQN_2102,278.0
KRQN_2141,278.0
KRQN_2418,278.0
KRQN_2606,278.0
KRQN_2654,278.0
KRQN_2675,278.0
KRQN_2703,278.0
KRQN_3273,278.0
KRQN_3385,278.0
KRQN_3614,278.0
KRQN_3754,278.0
KRQN_3841,278.0
KRQN_4101,278.0
KRQN_4458,278.0
DEYH_2856,279.0
KRQN_155,279.0
KRQN_685,279.0
KRQN_741,279.0
KRQN_874,279.0
KRQN_1043,279.0
KRQN_1562,279.0
KRQN_1623,279.0
KRQN_1848,279.0
KRQN_1852,279.0
KRQN_1963,279.0
KRQN_1987,279.0
KRQN_2161,279.0
KRQN_2404,279.0
KRQN_2615,279.0
KRQN_2663,279.0
KRQN_2752,279.0
KRQN_3047,279.0
KRQN_3824,279.0
KRQN_3985,279.0
KRQN_4215,279.0
KRQN_4244,279.0
KRQN_4383,279.0
KRQN_4618,279.0
KRQN_4801,279.0
KRQN_4935,279.0
KRQN_4952,279.0
Rand_102,279.0
Rand_228,279.0
Rand_1150,279.0
Rand_1221,279.0
Rand_1418,279.0
Rand_1989,279.0
Rand_2736,279.0
Rand_3138,279.0
Rand_3257,279.0
Rand_3583,279.0
Rand_4091,279.0
Rand_4224,279.0
Rand_4866,279.0
KRQN_67,280.0
KRQN_107,280.0
KRQN_136,280.0
KRQN_400,280.0
KRQN_443,280.0
KRQN_469,280.0
KRQN_493,280.0
KRQN_507,280.0
KRQN_515,280.0
KRQN_522,280.0
KRQN_568,280.0
KRQN_827,280.0
KRQN_887,280.0
KRQN_1017,280.0
KRQN_1021,280.0
KRQN_1056,280.0
KRQN_1264,280.0
KRQN_1291,280.0
KRQN_1735,280.0
KRQN_2008,280.0
KRQN_2337,280.0
KRQN_2375,280.0
KRQN_2444,280.0
KRQN_2853,280.0
KRQN_3005,280.0
KRQN_3352,280.0
KRQN_3428,280.0
KRQN_3540,280.0
KRQN_3711,280.0
KRQN_3730,280.0
KRQN_3759,280.0
KRQN_3883,280.0
KRQN_3888,280.0
KRQN_3972,280.0
KRQN_4099,280.0
KRQN_4167,280.0
KRQN_4201,280.0
KRQN_4316,280.0
KRQN_4646,280.0
KRQN_4683,280.0
KRQN_4899,280.0
KRQN_4987,280.0
Rand_3539,280.0
KRQN_74,281.0
KRQN_942,281.0
KRQN_1145,281.0
KRQN_1410,281.0
KRQN_1876,281.0
KRQN_1932,281.0
KRQN_2508,281.0
KRQN_2577,281.0
KRQN_2646,281.0
KRQN_2712,281.0
KRQN_2751,281.0
KRQN_2817,281.0
KRQN_3120,281.0
KRQN_3131,281.0
KRQN_3360,281.0
KRQN_3461,281.0
KRQN_3807,281.0
KRQN_3907,281.0
KRQN_4094,281.0
KRQN_4321,281.0
KRQN_4522,281.0
KRQN_4689,281.0
Rand_494,281.0
Rand_3762,281.0
Rand_3996,281.0
KRQN_184,282.0
KRQN_459,282.0
KRQN_532,282.0
KRQN_663,282.0
KRQN_734,282.0
KRQN_774,282.0
KRQN_1275,282.0
KRQN_1543,282.0
KRQN_1952,282.0
KRQN_2486,282.0
KRQN_3586,282.0
KRQN_4279,282.0
KRQN_4602,282.0
Rand_952,282.0
Rand_1206,282.0
Rand_1983,282.0
Rand_3099,282.0
DEYH_275,283.0
DEYH_748,283.0
DEYH_766,283.0
DEYH_829,283.0
DEYH_954,283.0
DEYH_1163,283.0
DEYH_1589,283.0
DEYH_1645,283.0
DEYH_2209,283.0
DEYH_2221,283.0
DEYH_2322,283.0
DEYH_2373,283.0
DEYH_2385,283.0
DEYH_2594,283.0
DEYH_2908,283.0
DEYH_2987,283.0
DEYH_3051,283.0
DEYH_3114,283.0
DEYH_3346,283.0
DEYH_3389,283.0
DEYH_3529,283.0
DEYH_3589,283.0
DEYH_3601,283.0
DEYH_3970,283.0
DEYH_4049,283.0
DEYH_4164,283.0
DEYH_4168,283.0
DEYH_4580,283.0
DEYH_4777,283.0
DEYH_4802,283.0
Rand_160,283.0
Rand_399,283.0
Rand_792,283.0
Rand_2125,283.0
Rand_2214,283.0
Rand_2317,283.0
Rand_2441,283.0
Rand_2612,283.0
Rand_2735,283.0
Rand_3064,283.0
Rand_3288,283.0
Rand_3296,283.0
Rand_3825,283.0
Rand_4225,283.0
Rand_4742,283.0
Rand_4797,283.0
Rand_4929,283.0
DEYH_181,284.0
DEYH_452,284.0
DEYH_725,284.0
DEYH_1052,284.0
DEYH_1094,284.0
DEYH_1264,284.0
DEYH_2118,284.0
DEYH_2274,284.0
DEYH_2318,284.0
DEYH_2462,284.0
DEYH_2530,284.0
DEYH_3408,284.0
DEYH_3506,284.0
DEYH_3524,284.0
DEYH_3694,284.0
DEYH_4175,284.0
DEYH_4930,284.0
Rand_243,284.0
Rand_638,284.0
Rand_972,284.0
Rand_1264,284.0
Rand_1421,284.0
Rand_1479,284.0
Rand_2413,284.0
Rand_3196,284.0
Rand_3900,284.0
Rand_4270,284.0
DEYH_642,285.0
DEYH_1578,285.0
DEYH_1830,285.0
DEYH_2376,285.0
DEYH_4065,285.0
DEYH_4727,285.0
KRQN_3674,285.0
Rand_44,285.0
Rand_1300,285.0
Rand_1862,285.0
Rand_3289,285.0
Rand_3327,285.0
Rand_3653,285.0
Rand_4361,285.0
DEYH_973,286.0
DEYH_2127,286.0
DEYH_4177,286.0
KRQN_6,286.0
Rand_23,286.0
Rand_344,286.0
Rand_766,286.0
Rand_2198,286.0
Rand_2221,286.0
Rand_2680,286.0
Rand_3094,286.0
Rand_3399,286.0
Rand_3536,286.0
Rand_4107,286.0
Rand_4216,286.0
Rand_4290,286.0
DEYH_4696,287.0
KRQN_2145,287.0
Rand_1521,287.0
Rand_2159,287.0
Rand_2463,287.0
Rand_2689,287.0
Rand_3275,287.0
Rand_3395,287.0
Rand_4139,287.0
Rand_4648,287.0
Rand_4768,287.0
Rand_4887,287.0
Rand_4933,287.0
DEYH_514,288.0
DEYH_1450,288.0
Rand_807,288.0
Rand_1078,288.0
Rand_1153,288.0
Rand_1258,288.0
Rand_1664,288.0
Rand_2264,288.0
Rand_3059,288.0
Rand_3216,288.0
Rand_4377,288.0
Rand_4493,288.0
Rand_4498,288.0
Rand_4989,288.0
DEYH_431,289.0
KRQN_1450,289.0
KRQN_2186,289.0
KRQN_2516,289.0
Rand_204,289.0
Rand_930,289.0
Rand_942,289.0
Rand_1917,289.0
Rand_2424,289.0
Rand_2451,289.0
Rand_2942,289.0
Rand_3748,289.0
Rand_4220,289.0
Rand_4252,289.0
KRQN_156,290.0
KRQN_551,290.0
KRQN_677,290.0
KRQN_2934,290.0
KRQN_3698,290.0
KRQN_3729,290.0
KRQN_4410,290.0
KRQN_4747,290.0
KRQN_4841,290.0
Rand_1613,290.0
Rand_3885,290.0
Rand_4019,290.0
Rand_4063,290.0
Rand_4554,290.0
Rand_4778,290.0
KRQN_117,291.0
KRQN_485,291.0
KRQN_541,291.0
KRQN_2794,291.0
Rand_12,291.0
Rand_116,291.0
Rand_990,291.0
Rand_1609,291.0
Rand_2194,291.0
Rand_2674,291.0
Rand_2923,291.0
Rand_3040,291.0
Rand_3147,291.0
Rand_3651,291.0
Rand_4835,291.0
DEYH_31,292.0
DEYH_1115,292.0
DEYH_3542,292.0
DEYH_3701,292.0
KRQN_446,292.0
KRQN_1016,292.0
KRQN_1283,292.0
KRQN_3162,292.0
KRQN_3568,292.0
Rand_354,292.0
Rand_1261,292.0
Rand_1517,292.0
Rand_1715,292.0
Rand_2048,292.0
Rand_2517,292.0
Rand_4562,292.0
DEYH_710,293.0
DEYH_938,293.0
DEYH_2048,293.0
DEYH_3133,293.0
DEYH_3414,293.0
DEYH_4983,293.0
KRQN_405,293.0
KRQN_1584,293.0
KRQN_2050,293.0
KRQN_2100,293.0
KRQN_3237,293.0
KRQN_3255,293.0
KRQN_3547,293.0
KRQN_3645,293.0
Rand_162,293.0
Rand_361,293.0
Rand_814,293.0
Rand_1071,293.0
Rand_1090,293.0
Rand_1850,293.0
Rand_2251,293.0
Rand_2276,293.0
Rand_3324,293.0
Rand_3708,293.0
Rand_3911,293.0
Rand_4232,293.0
Rand_4373,293.0
DEYH_2429,294.0
KRQN_0,294.0
KRQN_85,294.0
KRQN_263,294.0
KRQN_823,294.0
KRQN_1458,294.0
KRQN_2317,294.0
KRQN_2719,294.0
KRQN_2827,294.0
KRQN_2885,294.0
KRQN_3062,294.0
KRQN_3207,294.0
KRQN_3334,294.0
KRQN_3590,294.0
KRQN_4134,294.0
KRQN_4229,294.0
KRQN_4487,294.0
KRQN_4525,294.0
Rand_1674,294.0
Rand_2375,294.0
Rand_2412,294.0
Rand_2481,294.0
Rand_3566,294.0
Rand_3759,294.0
Rand_4311,294.0
DEYH_1494,295.0
DEYH_1648,295.0
DEYH_2487,295.0
DEYH_2545,295.0
DEYH_2553,295.0
DEYH_3267,295.0
DEYH_3365,295.0
DEYH_3388,295.0
DEYH_3428,295.0
KRQN_1157,295.0
KRQN_3014,295.0
Rand_1064,295.0
Rand_1330,295.0
Rand_1818,295.0
Rand_2327,295.0
Rand_2639,295.0
Rand_3030,295.0
Rand_3255,295.0
Rand_4250,295.0
Rand_4335,295.0
Rand_4851,295.0
DEYH_2168,296.0
DEYH_3459,296.0
KRQN_369,296.0
KRQN_509,296.0
KRQN_555,296.0
KRQN_571,296.0
KRQN_1395,296.0
KRQN_1707,296.0
KRQN_1954,296.0
KRQN_2124,296.0
KRQN_2132,296.0
KRQN_2462,296.0
KRQN_2684,296.0
KRQN_2721,296.0
KRQN_3113,296.0
KRQN_3401,296.0
KRQN_3427,296.0
KRQN_3545,296.0
KRQN_3554,296.0
KRQN_4055,296.0
KRQN_4205,296.0
KRQN_4367,296.0
KRQN_4514,296.0
KRQN_4613,296.0
KRQN_4675,296.0
KRQN_4920,296.0
Rand_100,296.0
Rand_365,296.0
Rand_416,296.0
Rand_1024,296.0
Rand_1199,296.0
Rand_1612,296.0
Rand_1790,296.0
Rand_2978,296.0
Rand_3507,296.0
Rand_3904,296.0
DEYH_4118,297.0
DEYH_4491,297.0
KRQN_1442,297.0
KRQN_2420,297.0
KRQN_3068,297.0
Rand_84,297.0
Rand_103,297.0
Rand_798,297.0
Rand_1084,297.0
Rand_1210,297.0
Rand_1610,297.0
Rand_1816,297.0
Rand_1838,297.0
Rand_2710,297.0
Rand_2984,297.0
Rand_3191,297.0
Rand_3405,297.0
Rand_3637,297.0
Rand_4154,297.0
Rand_4202,297.0
Rand_4576,297.0
Rand_4745,297.0
Rand_4747,297.0
Rand_4948,297.0
DEYH_183,298.0
DEYH_4839,298.0
KRQN_4112,298.0
Rand_748,298.0
Rand_1765,298.0
Rand_3269,298.0
Rand_3486,298.0
Rand_4390,298.0
Rand_4701,298.0
Rand_4883,298.0
DEYH_110,299.0
DEYH_228,299.0
DEYH_312,299.0
DEYH_1267,299.0
DEYH_2161,299.0
DEYH_2666,299.0
DEYH_3555,299.0
DEYH_4182,299.0
DEYH_4816,299.0
KRQN_35,299.0
KRQN_390,299.0
KRQN_680,299.0
KRQN_704,299.0
KRQN_1083,299.0
KRQN_1500,299.0
KRQN_1682,299.0
KRQN_2081,299.0
KRQN_3055,299.0
KRQN_3890,299.0
KRQN_3967,299.0
KRQN_3982,299.0
KRQN_4080,299.0
KRQN_4259,299.0
KRQN_4261,299.0
KRQN_4275,299.0
Rand_825,299.0
Rand_1181,299.0
Rand_1361,299.0
Rand_1629,299.0
Rand_1890,299.0
Rand_2182,299.0
Rand_2279,299.0
Rand_2603,299.0
Rand_2636,299.0
Rand_3409,299.0
Rand_3448,299.0
Rand_4005,299.0
Rand_4306,299.0
Rand_4681,299.0
KRQN_1496,300.0
KRQN_1894,300.0
KRQN_2961,300.0
KRQN_3121,300.0
KRQN_3616,300.0
KRQN_4456,300.0
Rand_79,300.0
Rand_143,300.0
Rand_2506,300.0
Rand_3336,300.0
Rand_3660,300.0
DEYH_208,301.0
KRQN_639,301.0
KRQN_851,301.0
KRQN_1155,301.0
KRQN_1162,301.0
KRQN_2130,301.0
KRQN_2158,301.0
KRQN_2820,301.0
KRQN_3221,301.0
KRQN_3778,301.0
KRQN_3936,301.0
KRQN_4066,301.0
KRQN_4303,301.0
KRQN_4465,301.0
KRQN_4495,301.0
KRQN_4596,301.0
KRQN_4660,301.0
KRQN_4869,301.0
Rand_444,301.0
Rand_2245,301.0
Rand_2949,301.0
Rand_3787,301.0
Rand_4006,301.0
Rand_4714,301.0
DEYH_270,302.0
DEYH_338,302.0
DEYH_1095,302.0
DEYH_1603,302.0
DEYH_2306,302.0
DEYH_3053,302.0
DEYH_3064,302.0
DEYH_3190,302.0
DEYH_3393,302.0
DEYH_3402,302.0
DEYH_3413,302.0
DEYH_3975,302.0
DEYH_4446,302.0
DEYH_4781,302.0
KRQN_1069,302.0
KRQN_4434,302.0
Rand_1760,302.0
Rand_1919,302.0
Rand_3176,302.0
Rand_3916,302.0
Rand_4705,302.0
DEYH_646,303.0
DEYH_720,303.0
DEYH_1452,303.0
DEYH_2278,303.0
DEYH_2370,303.0
DEYH_2566,303.0
DEYH_2674,303.0
DEYH_3048,303.0
DEYH_3062,303.0
DEYH_3260,303.0
DEYH_3730,303.0
DEYH_4001,303.0
DEYH_4137,303.0
DEYH_4139,303.0
DEYH_4154,303.0
DEYH_4247,303.0
DEYH_4614,303.0
KRQN_462,303.0
KRQN_1218,303.0
KRQN_3678,303.0
KRQN_4083,303.0
KRQN_4564,303.0
Rand_247,303.0
Rand_1103,303.0
Rand_2123,303.0
Rand_3580,303.0
Rand_4589,303.0
Rand_4607,303.0
Rand_4910,303.0
DEYH_1281,304.0
DEYH_1457,304.0
DEYH_1696,304.0
DEYH_2845,304.0
DEYH_3608,304.0
DEYH_3840,304.0
DEYH_3955,304.0
DEYH_4229,304.0
DEYH_4371,304.0
DEYH_4442,304.0
DEYH_4647,304.0
KRQN_1010,304.0
KRQN_1992,304.0
KRQN_2142,304.0
KRQN_3109,304.0
KRQN_3259,304.0
KRQN_4492,304.0
KRQN_4730,304.0
KRQN_4843,304.0
Rand_218,304.0
Rand_450,304.0
Rand_822,304.0
Rand_881,304.0
Rand_1269,304.0
Rand_1348,304.0
Rand_1506,304.0
Rand_2084,304.0
Rand_2660,304.0
Rand_2663,304.0
Rand_3291,304.0
Rand_3500,304.0
Rand_3826,304.0
Rand_3998,304.0
Rand_4437,304.0
Rand_4787,304.0
Rand_4893,304.0
DEYH_1165,305.0
DEYH_1910,305.0
DEYH_4263,305.0
DEYH_4374,305.0
DEYH_4401,305.0
DEYH_4999,305.0
KRQN_1307,305.0
Rand_118,305.0
Rand_285,305.0
Rand_620,305.0
Rand_1223,305.0
Rand_1490,305.0
Rand_4321,305.0
Rand_4490,305.0
KRQN_352,306.0
KRQN_2035,306.0
KRQN_2612,306.0
KRQN_2616,306.0
KRQN_4609,306.0
Rand_538,306.0
Rand_740,306.0
Rand_1721,306.0
Rand_2117,306.0
Rand_2504,306.0
Rand_2563,306.0
Rand_2997,306.0
Rand_3248,306.0
Rand_3720,306.0
Rand_4115,306.0
Rand_4704,306.0
DEYH_285,307.0
DEYH_853,307.0
DEYH_1068,307.0
DEYH_1423,307.0
DEYH_1778,307.0
DEYH_2464,307.0
DEYH_2867,307.0
DEYH_2982,307.0
DEYH_3348,307.0
DEYH_3595,307.0
DEYH_3684,307.0
DEYH_3742,307.0
DEYH_4753,307.0
Rand_241,307.0
Rand_1558,307.0
Rand_1600,307.0
Rand_3338,307.0
Rand_3962,307.0
KRQN_139,308.0
KRQN_480,308.0
KRQN_654,308.0
KRQN_853,308.0
KRQN_1377,308.0
KRQN_1698,308.0
KRQN_1747,308.0
KRQN_1805,308.0
KRQN_2109,308.0
KRQN_2588,308.0
KRQN_3060,308.0
KRQN_3069,308.0
KRQN_3074,308.0
KRQN_3076,308.0
KRQN_3251,308.0
KRQN_3417,308.0
KRQN_3449,308.0
KRQN_3944,308.0
KRQN_4077,308.0
KRQN_4103,308.0
KRQN_4364,308.0
KRQN_4366,308.0
KRQN_4655,308.0
KRQN_4764,308.0
KRQN_4977,308.0
Rand_170,308.0
Rand_464,308.0
Rand_2898,308.0
Rand_3477,308.0
Rand_4301,308.0
KRQN_618,309.0
KRQN_1363,309.0
KRQN_1763,309.0
KRQN_1904,309.0
KRQN_2205,309.0
KRQN_2402,309.0
KRQN_2415,309.0
KRQN_2710,309.0
KRQN_3099,309.0
KRQN_3160,309.0
KRQN_3693,309.0
KRQN_3823,309.0
KRQN_3959,309.0
KRQN_4049,309.0
KRQN_4122,309.0
KRQN_4232,309.0
KRQN_4257,309.0
KRQN_4452,309.0
KRQN_4453,309.0
KRQN_4516,309.0
KRQN_4798,309.0
KRQN_4847,309.0
Rand_1294,309.0
Rand_1777,309.0
Rand_2768,309.0
Rand_3383,309.0
Rand_4951,309.0
DEYH_920,310.0
DEYH_1531,310.0
DEYH_1724,310.0
DEYH_1729,310.0
DEYH_1739,310.0
DEYH_1805,310.0
DEYH_2223,310.0
DEYH_2309,310.0
DEYH_2403,310.0
DEYH_2573,310.0
DEYH_3013,310.0
DEYH_3132,310.0
DEYH_3320,310.0
DEYH_3520,310.0
DEYH_3532,310.0
DEYH_3667,310.0
DEYH_4250,310.0
DEYH_4379,310.0
DEYH_4440,310.0
DEYH_4492,310.0
DEYH_4659,310.0
DEYH_4889,310.0
KRQN_4186,310.0
Rand_329,310.0
Rand_878,310.0
Rand_1603,310.0
Rand_1807,310.0
Rand_2966,310.0
Rand_3662,310.0
Rand_4838,310.0
Rand_4889,310.0
KRQN_172,311.0
KRQN_216,311.0
KRQN_1378,311.0
KRQN_1702,311.0
KRQN_1721,311.0
KRQN_2953,311.0
KRQN_3866,311.0
KRQN_4228,311.0
KRQN_4481,311.0
KRQN_4791,311.0
KRQN_4926,311.0
Rand_1401,311.0
Rand_3828,311.0
DEYH_3962,312.0
KRQN_549,312.0
KRQN_651,312.0
KRQN_925,312.0
KRQN_1921,312.0
KRQN_2005,312.0
KRQN_2814,312.0
KRQN_3083,312.0
KRQN_3873,312.0
Rand_120,312.0
Rand_123,312.0
Rand_357,312.0
Rand_1186,312.0
Rand_1190,312.0
Rand_2168,312.0
Rand_2271,312.0
Rand_2767,312.0
DEYH_271,313.0
DEYH_676,313.0
DEYH_1289,313.0
DEYH_4253,313.0
DEYH_4294,313.0
DEYH_4367,313.0
KRQN_1390,313.0
KRQN_3470,313.0
KRQN_3476,313.0
KRQN_3509,313.0
Rand_114,313.0
Rand_830,313.0
Rand_1133,313.0
Rand_1136,313.0
Rand_1145,313.0
Rand_1570,313.0
Rand_1638,313.0
Rand_2028,313.0
Rand_2456,313.0
Rand_2534,313.0
Rand_3103,313.0
Rand_3619,313.0
Rand_3726,313.0
Rand_4168,313.0
Rand_4844,313.0
DEYH_66,314.0
DEYH_527,314.0
DEYH_619,314.0
DEYH_1503,314.0
DEYH_2051,314.0
DEYH_2119,314.0
DEYH_2710,314.0
DEYH_2734,314.0
DEYH_3266,314.0
DEYH_3678,314.0
Rand_679,314.0
Rand_1142,314.0
Rand_1247,314.0
Rand_2635,314.0
Rand_3491,314.0
Rand_3893,314.0
DEYH_71,315.0
DEYH_822,315.0
DEYH_984,315.0
DEYH_1150,315.0
DEYH_1170,315.0
DEYH_2009,315.0
DEYH_2704,315.0
DEYH_3372,315.0
DEYH_4200,315.0
DEYH_4591,315.0
DEYH_4687,315.0
DEYH_3,316.0
KRQN_679,316.0
KRQN_1080,316.0
KRQN_1746,316.0
KRQN_1760,316.0
KRQN_2160,316.0
KRQN_2791,316.0
KRQN_3383,316.0
KRQN_4250,316.0
KRQN_4338,316.0
KRQN_4794,316.0
KRQN_4953,316.0
Rand_1501,316.0
Rand_2202,316.0
Rand_2298,316.0
Rand_2981,316.0
Rand_3069,316.0
Rand_4246,316.0
Rand_4463,316.0
DEYH_435,317.0
DEYH_456,317.0
DEYH_795,317.0
DEYH_1016,317.0
DEYH_1049,317.0
DEYH_2292,317.0
DEYH_2599,317.0
DEYH_4544,317.0
KRQN_1110,317.0
KRQN_2204,317.0
KRQN_4762,317.0
Rand_420,317.0
Rand_510,317.0
Rand_604,317.0
Rand_2406,317.0
Rand_2793,317.0
Rand_4011,317.0
Rand_4806,317.0
DEYH_189,318.0
DEYH_240,318.0
DEYH_579,318.0
DEYH_856,318.0
DEYH_1012,318.0
DEYH_1982,318.0
DEYH_2081,318.0
DEYH_2185,318.0
DEYH_2323,318.0
DEYH_3105,318.0
DEYH_3363,318.0
DEYH_3491,318.0
DEYH_3677,318.0
DEYH_3847,318.0
DEYH_3998,318.0
DEYH_4010,318.0
DEYH_4400,318.0
DEYH_4635,318.0
KRQN_957,318.0
KRQN_4692,318.0
Rand_1557,318.0
Rand_2030,318.0
DEYH_823,319.0
DEYH_1318,319.0
DEYH_1476,319.0
DEYH_1875,319.0
DEYH_2125,319.0
DEYH_2851,319.0
DEYH_3528,319.0
DEYH_3577,319.0
DEYH_3613,319.0
DEYH_4244,319.0
KRQN_736,319.0
Rand_1725,319.0
Rand_2810,319.0
DEYH_371,320.0
DEYH_689,320.0
DEYH_728,320.0
DEYH_773,320.0
DEYH_1827,320.0
DEYH_2058,320.0
DEYH_2340,320.0
DEYH_2943,320.0
DEYH_3778,320.0
DEYH_4216,320.0
DEYH_4261,320.0
KRQN_1924,320.0
Rand_763,320.0
Rand_988,320.0
Rand_1224,320.0
Rand_1502,320.0
Rand_4779,320.0
DEYH_328,321.0
DEYH_559,321.0
DEYH_1642,321.0
DEYH_1833,321.0
DEYH_2136,321.0
DEYH_2489,321.0
DEYH_3625,321.0
KRQN_503,321.0
KRQN_1118,321.0
KRQN_2140,321.0
KRQN_2287,321.0
KRQN_2425,321.0
KRQN_4750,321.0
Rand_34,321.0
Rand_109,321.0
Rand_167,321.0
Rand_219,321.0
Rand_821,321.0
Rand_2026,321.0
Rand_2716,321.0
Rand_3322,321.0
Rand_3656,321.0
Rand_3859,321.0
DEYH_1435,322.0
DEYH_2852,322.0
DEYH_3313,322.0
DEYH_3830,322.0
DEYH_4630,322.0
KRQN_647,322.0
KRQN_1099,322.0
KRQN_1676,322.0
KRQN_3795,322.0
KRQN_4671,322.0
Rand_522,322.0
Rand_973,322.0
Rand_2687,322.0
Rand_3429,322.0
Rand_3434,322.0
DEYH_84,323.0
DEYH_517,323.0
DEYH_718,323.0
DEYH_808,323.0
DEYH_939,323.0
DEYH_2231,323.0
DEYH_3200,323.0
DEYH_3201,323.0
DEYH_3419,323.0
DEYH_4227,323.0
KRQN_365,323.0
KRQN_548,323.0
KRQN_778,323.0
KRQN_788,323.0
KRQN_1648,323.0
KRQN_1854,323.0
KRQN_2378,323.0
KRQN_2855,323.0
KRQN_2972,323.0
KRQN_3170,323.0
KRQN_3278,323.0
KRQN_3728,323.0
KRQN_4160,323.0
Rand_801,323.0
Rand_1115,323.0
Rand_1188,323.0
Rand_1209,323.0
Rand_1439,323.0
Rand_1449,323.0
Rand_1639,323.0
Rand_1805,323.0
Rand_1971,323.0
Rand_2166,323.0
Rand_2196,323.0
Rand_2210,323.0
Rand_2439,323.0
Rand_2510,323.0
Rand_2611,323.0
Rand_3300,323.0
Rand_4776,323.0
Rand_4878,323.0
