Motif	Counts	avgRef	topRef	OvE	p-value
DYSE	6	0.18	2	32.608	0.001
SMED	4	0.19	2	21.052	0.001
EDEY	25	0.08	1	290.697	0.001
FKQ	9	0.45	3	19.736	0.001
WTNE	13	1.08	5	11.981	0.001
HLK	4	0.36	3	10.989	0.001
NED	11	0.36	3	30.136	0.001
IKS	11	0.55	3	19.999	0.001
SDHD	18	0.08	1	216.867	0.001
SRKN	19	0.52	3	36.19	0.001
EED	278	3.15	11	88.197	0.001
RKNR	16	0.09	1	168.421	0.001
SDLW	9	0.35	3	25.423	0.001
SEKS	7	0.36	3	19.444	0.001
HHSY	10	0.08	1	120.481	0.001
EEDS	20	0.28	2	70.175	0.001
RREK	18	1.03	4	17.408	0.001
DEL	12	0.83	4	14.354	0.001
IYH	5	0.26	2	18.939	0.001
KFQ	9	0.26	3	33.582	0.001
EHQE	5	0.29	3	17.123	0.001
SDDE	40	0.19	2	206.185	0.001
YQYN	4	0.08	1	47.058	0.001
SDH	79	7.33	16	10.764	0.001
KHS	9	0.83	4	10.765	0.001
DKD	14	1.14	6	12.173	0.001
EDDM	5	0.08	1	60.975	0.001
FFK	4	0.09	1	41.666	0.001
GEDD	4	0.09	1	43.956	0.001
RKR	213	4.81	13	44.209	0.001
QRNI	7	0.27	3	25.547	0.001
RQKN	26	0.09	1	279.569	0.001
NRRN	17	0.17	2	99.999	0.001
SEAM	4	0.19	2	20.618	0.001
YDSY	9	0.78	5	11.479	0.001
HETN	8	0.1	1	79.207	0.001
ERRN	5	0.46	3	10.752	0.001
LKAN	5	0.36	3	13.85	0.001
DKNR	4	0.25	2	15.564	0.001
KNQE	11	0.35	3	30.64	0.001
DDHA	5	0.09	1	51.546	0.001
RKRS	11	0.26	2	40.892	0.001
KKK	276	0.19	2	1422.68	0.001
SYKN	15	0.09	1	163.043	0.001
YEI	4	0.08	1	47.619	0.001
KVK	10	0.35	3	28.248	0.001
QRKG	4	0.19	2	20.725	0.001
SARK	6	0.27	3	21.505	0.001
NKL	11	0.58	3	18.932	0.001
YDGA	5	0.26	2	18.587	0.001
YEL	5	0.19	2	26.178	0.001
SHES	6	0.35	3	17.045	0.001
YTN	18	1.59	6	11.299	0.001
RRKT	12	0.24	2	49.18	0.001
QKNT	23	2.1	7	10.915	0.001
NWK	5	0.09	1	53.191	0.001
NQRT	4	0.28	2	13.937	0.001
KNNS	6	0.43	3	13.761	0.001
EDST	12	0.27	2	44.28	0.001
HYL	6	0.09	1	62.499	0.001
RQRY	7	0.07	1	89.743	0.001
YKR	27	0.16	2	159.763	0.001
RQNE	14	1.08	6	12.879	0.001
VKR	14	1.2	6	11.656	0.001
YKRS	4	0.08	1	46.511	0.001
TEDE	7	0.28	3	24.305	0.001
SLWK	4	0.09	1	43.956	0.001
KMS	11	0.31	3	34.81	0.001
KNN	75	2.19	7	34.09	0.001
KFM	6	0.17	2	35.294	0.001
DET	98	9.52	20	10.284	0.001
KRRT	19	0.09	1	208.791	0.001
LRRK	10	0.08	1	117.647	0.001
VQKN	4	0.08	1	47.619	0.001
HQK	5	0.28	2	17.421	0.001
QIK	8	0.37	3	21.333	0.001
HNH	4	0.09	1	44.444	0.001
KKRQ	28	0.08	1	318.181	0.001
QEDE	6	0.1	1	58.823	0.001
QRAN	7	0.44	4	15.659	0.001
SYDY	14	0.53	3	26.022	0.001
EHNS	7	0.28	2	24.647	0.001
KKY	56	0.35	2	158.64	0.001
SEYD	11	0.83	4	13.221	0.001
EGEE	5	0.48	3	10.373	0.001
SDLK	13	0.32	2	40.498	0.001
SQKT	7	0.4	3	17.241	0.001
DDGA	5	0.41	4	11.961	0.001
HAN	37	2.88	11	12.807	0.001
DEI	7	0.34	4	20.527	0.001
EEGE	16	0.62	4	25.477	0.001
NKT	27	0.17	2	152.542	0.001
YKD	8	0.65	4	12.195	0.001
SHED	14	0.09	1	150.537	0.001
HFD	6	0.09	1	65.934	0.001
SYM	30	2.47	8	12.106	0.001
EHN	56	2.2	7	25.419	0.001
QNEK	26	1.68	7	15.393	0.001
DDSY	17	1.31	5	12.947	0.001
RKGE	13	0.71	4	18.156	0.001
RRTN	14	0.95	5	14.598	0.001
EEEQ	5	0.09	1	52.631	0.001
LKK	70	0.45	4	154.867	0.001
KND	14	0.54	4	25.688	0.001
IDH	8	0.73	4	10.943	0.001
EFET	5	0.37	3	13.477	0.001
WKQ	9	0.27	3	32.374	0.001
QSYN	38	3.67	11	10.334	0.001
SYDE	21	0.82	4	25.516	0.001
KH	125	8.89	19	14.051	0.001
QEDY	5	0.24	2	20.746	0.001
LQRN	7	0.46	4	14.957	0.001
FKV	5	0.19	2	26.178	0.001
KAYN	6	0.46	3	12.82	0.001
DDEK	13	0.26	3	48.327	0.001
QRRQ	12	0.19	2	63.157	0.001
FENT	7	0.39	3	17.811	0.001
HDT	59	2.61	9	22.57	0.001
DVQE	5	0.17	2	29.411	0.001
DLEN	6	0.18	2	31.914	0.001
SLIM	5	0.09	1	54.347	0.001
KKYG	15	0.09	1	166.666	0.001
DAEE	4	0.08	1	46.511	0.001
EYEY	17	0.1	1	163.461	0.001
SYFD	4	0.18	2	21.621	0.001
KFH	4	0.28	3	14.184	0.001
NTT	4	0.24	3	16.194	0.001
DNK	8	0.52	3	15.151	0.001
MQE	22	1.3	6	16.806	0.001
KGNT	50	3.29	11	15.165	0.001
KRSN	6	0.08	1	68.181	0.001
SMRQ	4	0.26	3	15.209	0.001
HIT	10	0.27	3	36.101	0.001
SYHD	11	0.18	2	58.201	0.001
SEHN	8	0.09	1	85.106	0.001
RRKV	4	0.1	1	38.834	0.001
NRKE	6	0.08	1	70.588	0.001
HEGA	6	0.27	2	21.582	0.001
YKN	51	1.96	7	25.927	0.001
HFN	8	0.36	2	21.917	0.001
RNK	96	1.4	6	68.376	0.001
HDI	8	0.79	4	10.037	0.001
SYHS	6	0.28	2	21.052	0.001
KFMG	4	0.08	1	45.977	0.001
QKRT	9	0.08	1	102.272	0.001
NQNT	9	0.31	3	28.301	0.001
QDED	4	0.09	1	44.444	0.001
NHD	11	0.72	4	15.151	0.001
HNM	4	0.07	1	57.142	0.001
SDKN	6	0.16	2	37.037	0.001
RKQE	24	0.75	4	31.83	0.001
YHT	12	1.02	5	11.684	0.001
EQNT	6	0.46	4	13.043	0.001
EHD	111	0.45	3	243.956	0.001
EDYY	10	0.28	3	34.843	0.001
YDTN	8	0.18	2	42.553	0.001
HESY	7	0.1	1	67.961	0.001
SANV	15	0.26	2	57.251	0.001
MFN	5	0.34	3	14.662	0.001
SYH	63	3	9	20.951	0.001
KFA	6	0.43	4	13.953	0.001
KRNT	38	1.03	5	36.75	0.001
HDTD	5	0.17	2	28.409	0.001
KNR	85	2	7	42.372	0.001
YKNS	4	0.07	1	51.282	0.001
IDDE	4	0.1	1	39.603	0.001
EEQE	13	0.17	2	75.144	0.001
EENS	7	0.34	3	20.057	0.001
NRNN	8	0.24	2	32.128	0.001
SHYD	9	0.44	3	20.134	0.001
SMK	15	1.1	6	13.537	0.001
EYYE	21	1.24	5	16.908	0.001
QRK	107	0.89	4	119.021	0.001
RKN	226	7.29	16	30.975	0.001
QRQN	6	0.35	3	16.901	0.001
THH	7	0.61	4	11.363	0.001
YQH	7	0.41	3	16.706	0.001
DHI	7	0.46	4	14.925	0.001
DHAK	5	0.26	2	19.083	0.001
KAKN	40	0.99	5	40.16	0.001
VNK	5	0.26	3	18.796	0.001
RKNS	15	1.19	6	12.51	0.001
SEKR	23	0.36	3	63.186	0.001
SEDH	24	0.18	2	130.434	0.001
RKRG	16	0.75	5	21.192	0.001
RGKK	4	0.08	1	45.977	0.001
SEED	44	0.87	4	50.458	0.001
KKE	53	0.85	5	62.06	0.001
YMT	4	0.28	2	14.285	0.001
IYM	4	0.18	2	21.739	0.001
EEN	91	2.91	9	31.185	0.001
LKRQ	8	0.16	2	49.999	0.001
KKNI	45	0.26	3	173.076	0.001
KKW	12	0.36	3	32.786	0.001
KTK	11	0.54	4	20.036	0.001
QHA	7	0.64	3	10.802	0.001
EYST	5	0.26	2	18.726	0.001
NEN	13	0.9	5	14.412	0.001
RKRR	54	0.09	1	568.421	0.001
SEES	11	1.03	4	10.669	0.001
KQYE	5	0.28	3	17.301	0.001
LFM	4	0.36	3	10.869	0.001
QDHN	4	0.27	3	14.814	0.001
RSQK	4	0.07	1	50.632	0.001
DDTN	9	0.09	1	92.783	0.001
SLHA	4	0.28	3	14.285	0.001
QYEG	4	0.22	2	18.181	0.001
KKGN	17	0.08	1	202.38	0.001
DEEA	5	0.07	1	63.291	0.001
KRTE	15	0.28	2	53.571	0.001
IEY	7	0.58	3	12.048	0.001
SLYK	8	0.52	4	15.355	0.001
FAK	15	1.04	5	14.409	0.001
EEND	4	0.08	1	45.977	0.001
SDDY	19	0.28	3	66.433	0.001
MLE	5	0.09	1	53.191	0.001
NQRK	10	0.09	1	106.382	0.001
HEET	13	0.55	4	23.297	0.001
QYK	8	0.34	3	23.188	0.001
NNSG	5	0.09	1	51.02	0.001
EEDG	12	0.53	3	22.388	0.001
QHH	5	0.26	3	18.867	0.001
KM	99	8.3	17	11.92	0.001
DDSG	17	1.02	5	16.504	0.001
RQRR	15	0.07	1	189.873	0.001
EDDQ	7	0.07	1	93.333	0.001
KRQK	13	0.17	2	73.446	0.001
KQGN	8	0.23	2	33.755	0.001
KNYN	8	0.67	4	11.869	0.001
YD	589	40.36	58	14.59	0.001
YKA	9	0.26	3	34.09	0.001
SENN	7	0.18	2	38.251	0.001
SYRR	18	1.77	6	10.152	0.001
KKST	6	0.18	2	33.333	0.001
DHDT	9	0.16	2	53.892	0.001
KSKK	4	0.09	1	43.01	0.001
KFN	8	0.25	3	31.746	0.001
SDKQ	4	0.1	1	37.383	0.001
EHNE	12	0.87	4	13.729	0.001
DAK	33	1.7	6	19.354	0.001
KSGA	23	0.98	5	23.255	0.001
EHRY	4	0.08	1	45.454	0.001
SYME	4	0.09	1	42.105	0.001
SRRR	28	2.13	8	13.09	0.001
YTNE	12	0.27	3	44.28	0.001
NRNI	5	0.08	1	56.179	0.001
MH	68	2.27	8	29.916	0.001
EDYS	7	0.27	3	25.179	0.001
EHYN	9	0.19	2	46.153	0.001
QRRN	19	0.16	2	118.012	0.001
LNQR	4	0.1	1	37.383	0.001
EGED	4	0.07	1	51.282	0.001
SEYE	16	1.16	6	13.71	0.001
SEFF	5	0.45	3	11.086	0.001
QEEH	4	0.08	1	48.78	0.001
RNKY	4	0.17	2	22.988	0.001
YVH	8	0.53	3	14.953	0.001
KTRN	5	0.17	2	29.411	0.001
HH	249	13.07	26	19.049	0.001
LYI	6	0.17	2	34.09	0.001
FML	4	0.27	2	14.545	0.001
YENT	10	0.09	1	108.695	0.001
KQE	81	5.38	13	15.041	0.001
HAYN	4	0.26	2	14.981	0.001
RQNS	7	0.45	3	15.418	0.001
EYED	20	0.09	1	217.391	0.001
EEEN	20	0.17	2	116.279	0.001
KQW	6	0.5	3	11.881	0.001
EDY	150	7.91	19	18.944	0.001
HND	7	0.27	3	25.641	0.001
EHM	6	0.36	2	16.348	0.001
HES	27	1.39	6	19.382	0.001
DETE	15	0.67	4	22.156	0.001
SYHY	11	0.16	2	65.088	0.001
RKRE	17	1.32	6	12.801	0.001
YHDT	5	0.09	1	55.555	0.001
YQN	19	1.39	5	13.659	0.001
RKNY	17	0.34	3	48.991	0.001
SDHE	15	0.18	2	82.417	0.001
NFS	5	0.26	3	18.726	0.001
RKH	15	0.74	4	20.188	0.001
DKDE	6	0.26	3	22.727	0.001
EYNQ	5	0.17	2	28.089	0.001
NKNT	19	0.42	3	44.289	0.001
QWK	8	0.63	4	12.658	0.001
RNRN	12	0.09	1	131.868	0.001
YAK	18	0.28	3	63.829	0.001
IYD	8	0.55	4	14.44	0.001
SDFE	4	0.09	1	44.444	0.001
RKF	13	0.88	5	14.722	0.001
DESN	7	0.17	2	40.462	0.001
MM	58	5.28	13	10.964	0.001
EENY	12	0.18	2	66.298	0.001
EEH	89	0.64	4	138.413	0.001
KNQ	78	3.16	9	24.667	0.001
DD	1262	55.02	82	22.934	0.001
SIDD	6	0.19	2	31.578	0.001
YQNS	5	0.17	2	28.735	0.001
EEF	11	0.53	3	20.484	0.001
HKW	4	0.08	1	47.058	0.001
LNH	9	0.8	4	11.166	0.001
NDK	11	0.27	2	39.711	0.001
LQK	29	0.8	4	35.935	0.001
DENT	22	1.08	5	20.183	0.001
EDK	24	1.38	6	17.353	0.001
SDDS	9	0.64	4	13.975	0.001
HHSG	7	0.34	3	20.231	0.001
WKR	12	0.99	6	12.024	0.001
YETE	4	0.1	1	39.999	0.001
EEMG	4	0.2	2	19.138	0.001
HAKN	32	0.09	1	329.896	0.001
EEDE	56	0.34	3	160.458	0.001
NRYG	11	0.27	3	39.711	0.001
FNK	5	0.37	3	13.333	0.001
LKRN	15	0.17	2	88.235	0.001
YFE	9	0.42	3	21.327	0.001
QQDT	4	0.33	3	11.904	0.001
ENEK	39	2.45	7	15.885	0.001
KQAN	4	0.19	2	20.833	0.001
MKNI	9	0.19	2	46.632	0.001
DNRN	4	0.37	3	10.554	0.001
DTNE	36	1.27	6	28.301	0.001
MVW	4	0.34	3	11.527	0.001
SEEY	28	0.34	3	80.924	0.001
SYYH	7	0.07	1	89.743	0.001
KQYG	6	0.1	1	58.252	0.001
DKH	5	0.2	2	24.875	0.001
SDD	161	7.22	15	22.271	0.001
EHQ	12	1.09	5	10.948	0.001
QKT	40	2.19	8	18.181	0.001
LKNN	6	0.15	2	39.473	0.001
WKN	23	1.35	5	16.999	0.001
SKKT	4	0.1	1	39.215	0.001
EEYN	29	0.18	2	158.469	0.001
KQY	22	0.63	4	34.645	0.001
RNST	4	0.17	2	22.598	0.001
VWTN	4	0.19	2	20.942	0.001
EDE	288	10.57	23	27.234	0.001
RKM	7	0.61	4	11.382	0.001
SEHH	6	0.18	2	32.432	0.001
MHS	4	0.17	2	22.988	0.001
NAS	8	0.1	1	76.923	0.001
EDES	17	0.09	1	186.813	0.001
MVK	5	0.38	3	13.054	0.001
THD	9	0.59	4	15.228	0.001
MKK	11	0.1	1	105.769	0.001
RKYN	25	0.36	3	69.444	0.001
HHS	24	0.87	4	27.428	0.001
SEEE	45	0.18	2	240.641	0.001
EKDT	5	0.09	1	53.763	0.001
EEM	17	0.45	3	37.694	0.001
NSM	4	0.26	2	15.037	0.001
DHTE	6	0.52	4	11.406	0.001
NRRQ	14	0.08	1	160.919	0.001
EQI	6	0.59	4	10.118	0.001
YKQ	8	0.34	3	23.188	0.001
HFQ	7	0.54	4	12.797	0.001
RNNN	10	0.19	2	51.546	0.001
KRAK	11	0.16	2	67.901	0.001
QHD	10	0.52	4	19.23	0.001
EEHG	4	0.18	2	21.276	0.001
SDHY	8	0.09	1	82.474	0.001
HDNT	11	0.1	1	107.843	0.001
EYY	68	4.07	12	16.67	0.001
QRKE	5	0.09	1	53.191	0.001
RKNE	23	1.12	5	20.372	0.001
RKRY	13	0.27	3	47.445	0.001
KLK	11	0.26	3	40.892	0.001
EDGN	15	0.73	4	20.325	0.001
QEQE	4	0.08	1	47.058	0.001
DEDT	22	0.52	5	41.587	0.001
SNRK	11	0.18	2	58.823	0.001
KRI	15	0.82	4	18.292	0.001
SRKQ	12	0.17	2	70.588	0.001
WHI	4	0.28	3	13.84	0.001
EMDE	5	0.17	2	28.571	0.001
LFNS	4	0.26	3	14.869	0.001
MDNT	4	0.07	1	51.948	0.001
EENE	20	0.19	2	100.502	0.001
YYSG	5	0.4	3	12.345	0.001
ERK	37	1.15	5	32.118	0.001
SEYY	7	0.34	3	20.408	0.001
RQR	97	8.56	18	11.319	0.001
SEDN	10	0.46	4	21.739	0.001
NRK	76	0.79	4	95.597	0.001
NRQN	6	0.09	1	65.934	0.001
YKNE	5	0.1	1	48.076	0.001
EHDE	20	0.08	1	229.885	0.001
MKY	7	0.1	1	69.999	0.001
RKQ	131	2.93	11	44.664	0.001
KFD	5	0.44	4	11.235	0.001
KRKA	6	0.1	1	58.252	0.001
NHA	5	0.36	3	13.55	0.001
SYHE	12	0.35	3	33.613	0.001
MFNE	4	0.26	3	15.094	0.001
KAN	57	2.43	8	23.437	0.001
EDNQ	10	0.36	3	27.322	0.001
SYVE	7	0.66	4	10.606	0.001
TDEE	4	0.08	1	45.977	0.001
EHA	18	0.91	4	19.715	0.001
KNH	4	0.08	1	47.619	0.001
IDD	18	0.54	3	33.333	0.001
EEQ	36	2.59	9	13.862	0.001
KQK	104	0.17	2	601.156	0.001
HVY	6	0.53	3	11.152	0.001
EHHD	7	0.08	1	79.545	0.001
KNRE	8	0.17	2	46.783	0.001
HKY	5	0.18	2	27.624	0.001
YEDT	14	0.25	3	55.555	0.001
YKM	6	0.07	1	77.922	0.001
QDEE	8	0.09	1	86.956	0.001
QRST	11	0.94	5	11.64	0.001
FKR	12	0.63	4	19.047	0.001
WNK	6	0.19	2	31.413	0.001
SNNT	6	0.08	1	68.181	0.001
DHSN	6	0.54	3	10.989	0.001
RQRD	4	0.29	2	13.651	0.001
HNN	13	1.28	6	10.085	0.001
EYEG	7	0.27	2	25.547	0.001
RQNR	9	0.08	1	109.756	0.001
AQRN	5	0.28	2	17.361	0.001
EYK	13	0.53	3	24.299	0.001
QRYE	7	0.62	4	11.146	0.001
EHV	9	0.18	2	49.723	0.001
MAH	5	0.27	3	17.985	0.001
DDS	62	5.91	14	10.474	0.001
NYK	7	0.35	3	19.83	0.001
KFR	7	0.5	3	13.752	0.001
EHH	41	0.18	2	221.621	0.001
DKQ	13	1.17	5	11.092	0.001
HDTE	6	0.27	3	21.818	0.001
KNA	11	0.66	4	16.666	0.001
MNN	8	0.66	5	11.976	0.001
MMS	5	0.35	3	13.966	0.001
NHF	4	0.09	1	42.553	0.001
NLT	8	0.66	4	11.958	0.001
YKYN	5	0.08	1	56.818	0.001
RHNT	5	0.35	4	13.966	0.001
AKK	12	0.54	3	22.058	0.001
KEDG	4	0.26	3	15.325	0.001
RMK	12	0.69	6	17.341	0.001
KRYE	14	0.36	3	38.043	0.001
DEE	254	1.86	7	136.266	0.001
YKS	12	0.48	4	24.999	0.001
DDYN	36	0.29	2	120.805	0.001
DHYS	4	0.2	2	19.9	0.001
RRQR	21	0.46	4	44.967	0.001
DEW	11	1.04	6	10.536	0.001
SYKK	19	0.1	1	189.999	0.001
LRKY	6	0.09	1	65.934	0.001
FWH	4	0.09	1	43.956	0.001
DSNI	5	0.08	1	62.499	0.001
SQWN	4	0.34	3	11.56	0.001
YYF	6	0.16	2	36.363	0.001
MGAN	11	0.78	5	14.084	0.001
KRST	11	0.34	2	31.518	0.001
HEH	45	0.09	1	459.183	0.001
REED	7	0.34	3	20.527	0.001
NKGN	5	0.17	2	28.248	0.001
YEYG	7	0.17	2	39.106	0.001
HENY	5	0.21	2	23.584	0.001
DDM	10	0.89	4	11.16	0.001
HEV	4	0.34	3	11.527	0.001
DHY	63	3.46	10	18.166	0.001
YYH	19	0.07	1	243.589	0.001
DEES	17	0.09	1	182.795	0.001
NQYE	5	0.19	2	25.773	0.001
GRRK	4	0.27	3	14.44	0.001
KMR	13	0.17	2	73.863	0.001
YYV	5	0.29	3	17.064	0.001
SDTN	5	0.37	3	13.477	0.001
DNI	50	1.38	5	36.023	0.001
HDK	10	0.46	3	21.413	0.001
KIQQ	4	0.11	1	34.782	0.001
NKNI	38	1.43	6	26.536	0.001
QKRN	14	0.08	1	174.999	0.001
SLHD	14	0.11	1	127.272	0.001
KSN	52	4.08	11	12.729	0.001
MNEK	9	0.36	3	24.59	0.001
SKRR	23	0.26	3	88.122	0.001
SEQK	7	0.09	1	72.916	0.001
EKNI	40	0.43	4	91.743	0.001
YYDE	10	0.09	1	107.526	0.001
NTK	11	0.26	2	41.509	0.001
YWN	8	0.2	2	39.024	0.001
KEN	22	2.11	8	10.421	0.001
NAKN	19	0.34	3	54.441	0.001
DNT	123	9.88	22	12.44	0.001
YRH	7	0.51	4	13.725	0.001
DDHG	10	0.45	3	21.881	0.001
QNRE	4	0.09	1	42.553	0.001
QQK	54	0.41	3	131.386	0.001
RRWN	4	0.23	2	16.949	0.001
EAKN	37	2.74	10	13.464	0.001
NKE	25	1.7	7	14.637	0.001
LRQQ	4	0.15	2	25.477	0.001
DDNE	22	1.59	6	13.793	0.001
HEA	10	0.37	3	26.881	0.001
SLIK	5	0.18	2	27.027	0.001
SLDE	52	4.26	12	12.195	0.001
HNEK	25	1.51	6	16.447	0.001
MIK	4	0.09	1	42.553	0.001
DQSY	5	0.35	3	14.044	0.001
EDDT	28	0.18	2	153.846	0.001
SRKK	31	0.19	2	158.163	0.001
HHQ	8	0.08	1	93.023	0.001
DMK	5	0.18	2	27.173	0.001
YHY	35	0.81	5	43.209	0.001
IKR	19	1.58	6	11.972	0.001
EHDA	6	0.08	1	72.289	0.001
DEYG	20	0.64	4	31.152	0.001
LDEY	5	0.08	1	58.823	0.001
RRNY	16	1.24	6	12.851	0.001
DEAN	12	0.09	1	127.659	0.001
DYNY	7	0.28	2	24.822	0.001
YNI	26	0.33	3	77.611	0.001
SQHD	5	0.08	1	58.823	0.001
DHK	13	0.59	4	21.812	0.001
DANV	45	0.16	2	271.084	0.001
NFA	4	0.35	3	11.142	0.001
DYH	38	1.29	6	29.366	0.001
KQNT	13	0.08	1	146.067	0.001
YEE	125	1.1	5	113.224	0.001
KHD	8	0.17	2	44.943	0.001
DDKN	12	0.17	2	68.181	0.001
DDQ	37	2.22	8	16.621	0.001
DHEG	4	0.26	3	15.094	0.001
YEW	4	0.16	2	24.242	0.001
YDYN	6	0.18	2	32.608	0.001
SNK	69	1.67	7	41.292	0.001
QETN	4	0.3	2	13.289	0.001
NRSN	6	0.19	2	31.088	0.001
HHDY	8	0.09	1	80.808	0.001
HHYN	4	0.17	2	23.529	0.001
DMY	8	0.58	5	13.675	0.001
HYGN	4	0.08	1	47.619	0.001
RIKN	5	0.08	1	57.471	0.001
YDNE	14	0.87	4	15.927	0.001
SLWN	6	0.34	3	17.647	0.001
DYHD	8	0.08	1	95.238	0.001
QKQP	4	0.16	2	24.096	0.001
EKAN	4	0.09	1	43.956	0.001
KHR	13	0.79	5	16.331	0.001
LRRN	13	0.82	4	15.719	0.001
RKS	67	4.91	12	13.64	0.001
SAEE	5	0.44	4	11.16	0.001
YEGN	9	0.56	4	15.985	0.001
QQY	11	1	5	10.978	0.001
HIY	8	0.7	5	11.331	0.001
RANV	40	2	9	19.93	0.001
RYH	10	0.63	3	15.873	0.001
FDD	16	0.45	3	35.164	0.001
VMK	4	0.08	1	48.192	0.001
EH	543	28.23	46	19.232	0.001
LEHE	5	0.36	2	13.736	0.001
RHK	10	0.4	3	24.813	0.001
NND	8	0.64	4	12.461	0.001
YEDH	9	0.09	1	91.836	0.001
KKTG	13	0.19	2	67.708	0.001
NES	7	0.2	2	33.98	0.001
EYNT	10	0.09	1	104.166	0.001
END	12	0.36	3	32.52	0.001
HDY	71	0.97	5	72.745	0.001
YNT	71	4.03	11	17.6	0.001
EES	60	4.24	11	14.144	0.001
NYNT	6	0.09	1	65.217	0.001
ENRR	6	0.25	2	23.346	0.001
KHN	16	0.62	4	25.806	0.001
SLKN	23	0.72	4	31.767	0.001
KQDT	5	0.07	1	63.291	0.001
DDG	57	4.78	13	11.909	0.001
YME	13	0.46	4	28.138	0.001
HRK	12	0.28	3	42.704	0.001
SYTN	4	0.34	3	11.627	0.001
KKT	63	0.86	5	73.17	0.001
YDV	6	0.36	3	16.348	0.001
YDNY	5	0.39	3	12.722	0.001
KRQQ	9	0.09	1	91.836	0.001
HDYG	12	0.53	4	22.346	0.001
YDH	46	0.35	3	131.054	0.001
EESG	17	0.72	4	23.448	0.001
YNTG	20	1.83	7	10.881	0.001
HDAN	9	0.08	1	102.272	0.001
HHA	7	0.35	3	19.662	0.001
MRK	10	0.43	3	23.255	0.001
VIF	4	0.28	2	13.84	0.001
KRQP	10	0.18	2	55.248	0.001
HDNQ	9	0.18	2	49.18	0.001
DHGN	7	0.23	2	29.288	0.001
QQNQ	5	0.08	1	58.139	0.001
EKY	16	1.15	8	13.864	0.001
RKSG	18	1.54	6	11.65	0.001
HEQ	13	1	5	12.999	0.001
DYYN	17	1.27	6	13.364	0.001
NKY	20	0.8	4	24.721	0.001
QNKN	10	0.3	2	33.003	0.001
KKTD	13	0.1	1	127.45	0.001
NRRT	10	0.44	3	22.624	0.001
FFI	4	0.18	2	21.164	0.001
RQKT	5	0.08	1	56.179	0.001
YDHD	6	0.08	1	71.428	0.001
DHE	112	7.66	18	14.609	0.001
SNKR	13	0.08	1	149.425	0.001
DHW	8	0.7	4	11.299	0.001
RRRY	10	0.27	2	36.231	0.001
DEYS	5	0.08	1	58.139	0.001
YDA	11	0.33	3	32.934	0.001
WYNS	13	0.59	4	21.996	0.001
NNN	41	2.34	8	17.454	0.001
NMS	6	0.09	1	63.829	0.001
EYDT	11	0.26	2	41.353	0.001
IKN	22	1.41	6	15.58	0.001
HDHN	6	0.1	1	59.999	0.001
YK	215	13.93	29	15.429	0.001
HHH	21	0.09	1	223.404	0.001
SYKT	5	0.17	2	27.932	0.001
DEY	128	1.6	6	79.552	0.001
FKTN	5	0.09	1	53.763	0.001
HYK	6	0.29	2	20.547	0.001
MF	45	4.29	13	10.474	0.001
VRKN	5	0.36	3	13.55	0.001
DHES	7	0.18	2	38.461	0.001
SVKQ	4	0.27	3	14.598	0.001
KKI	7	0.09	1	72.164	0.001
KWK	14	0.09	1	150.537	0.001
INK	8	0.08	1	98.765	0.001
HEYN	8	0.1	1	74.074	0.001
NVK	8	0.19	2	41.884	0.001
EDSN	10	0.81	5	12.3	0.001
HIE	9	0.08	1	105.882	0.001
HDW	4	0.09	1	42.105	0.001
IQH	5	0.17	2	28.089	0.001
NKK	101	0.09	1	1041.237	0.001
RK	1275	84.43	112	15.1	0.001
LQSN	4	0.35	2	11.235	0.001
KKL	10	0.74	3	13.422	0.001
EKK	27	0.64	5	41.731	0.001
GKK	16	1.58	7	10.101	0.001
EKQN	6	0.08	1	67.415	0.001
SKNR	21	0.72	4	29.085	0.001
YEYD	8	0.09	1	85.106	0.001
YYYN	6	0.17	2	33.898	0.001
RKRA	4	0.19	2	20.408	0.001
RRKN	41	0.39	3	104.859	0.001
HDE	118	2.03	7	58.099	0.001
SDHA	5	0.26	3	19.011	0.001
MSYN	18	0.8	6	22.249	0.001
DDF	11	0.18	2	59.139	0.001
YGYN	5	0.08	1	60.975	0.001
YYM	4	0.26	3	15.267	0.001
DNTG	35	2.67	9	13.093	0.001
NHS	7	0.47	3	14.861	0.001
DDH	105	1.47	5	71.09	0.001
KMRR	5	0.07	1	64.102	0.001
QQKG	4	0.07	1	53.333	0.001
DDNY	14	0.16	2	86.956	0.001
HEM	4	0.17	2	23.121	0.001
EHS	29	2.69	10	10.748	0.001
DDV	14	0.74	4	18.842	0.001
EEDA	9	0.09	1	98.901	0.001
QKST	5	0.37	3	13.477	0.001
SKR	134	12.83	24	10.441	0.001
YEY	81	0.92	6	87.757	0.001
KWY	8	0.18	2	43.956	0.001
ETED	5	0.45	4	10.917	0.001
QII	6	0.36	3	16.574	0.001
NINT	4	0.1	1	38.095	0.001
LHD	19	0.73	4	26.027	0.001
HYY	31	1.71	6	18.075	0.001
EDNT	26	0.34	4	75.581	0.001
KNS	81	5.17	12	15.652	0.001
HDGN	6	0.29	3	20.547	0.001
YHE	52	2.66	9	19.541	0.001
RQEK	4	0.34	3	11.527	0.001
QKYE	7	0.42	4	16.548	0.001
YKSG	4	0.08	1	45.454	0.001
DEEG	7	0.09	1	77.777	0.001
DDA	26	1.27	6	20.344	0.001
DHNQ	5	0.18	2	27.322	0.001
SEKA	5	0.25	2	19.762	0.001
YHW	4	0.09	1	43.478	0.001
QRQK	10	0.09	1	109.89	0.001
YDN	61	1.62	6	37.538	0.001
YDHY	5	0.08	1	57.471	0.001
RRNR	17	0.37	3	45.945	0.001
LMM	5	0.16	2	30.487	0.001
KHH	4	0.08	1	47.619	0.001
DYDS	9	0.17	2	51.136	0.001
SLQY	5	0.35	3	14.285	0.001
EEYT	5	0.08	1	56.818	0.001
SKKN	18	0.09	1	189.473	0.001
KYK	14	0.09	1	144.329	0.001
YIN	5	0.43	3	11.627	0.001
LEH	20	1.72	6	11.614	0.001
RKEK	19	0.08	1	223.529	0.001
DYD	120	1.74	6	68.689	0.001
KF	96	8.91	18	10.769	0.001
YNTE	28	1.74	7	16.073	0.001
HDYE	13	0.27	2	46.762	0.001
YDNS	9	0.17	2	50.279	0.001
FSK	5	0.43	3	11.52	0.001
QKGN	5	0.2	2	24.875	0.001
EHET	15	0.08	1	172.413	0.001
NQK	39	0.19	2	199.999	0.001
RRR	237	19.89	35	11.91	0.001
ENV	6	0.54	4	10.928	0.001
EQK	15	0.9	5	16.629	0.001
QAKN	23	0.72	4	31.55	0.001
NNV	4	0.18	2	22.099	0.001
YHYE	11	0.16	2	66.265	0.001
ENH	9	0.6	4	14.925	0.001
NAN	31	2.57	8	12.015	0.001
DYHE	10	0.26	3	37.453	0.001
FDH	9	0.46	3	19.565	0.001
AEDS	4	0.25	3	15.999	0.001
QTK	7	0.64	5	10.903	0.001
QKNI	31	0.66	4	46.898	0.001
LEDE	13	0.8	4	16.189	0.001
ITNE	12	0.82	4	14.58	0.001
LIK	6	0.27	3	21.66	0.001
RNNT	21	0.09	1	225.806	0.001
QDDT	4	0.39	3	10.05	0.001
DDQE	13	0.47	3	27.542	0.001
SLKQ	14	0.38	3	36.082	0.001
HKT	7	0.64	4	10.937	0.001
KQKA	4	0.08	1	45.454	0.001
KRK	289	0.29	2	993.127	0.001
KRQN	23	0.15	2	149.35	0.001
WYH	9	0.08	1	111.111	0.001
HHN	25	0.96	4	25.96	0.001
RKKT	13	0.1	1	128.712	0.001
KENE	7	0.34	3	20.057	0.001
DEQP	10	0.1	1	99.009	0.001
SDLH	6	0.36	2	16.528	0.001
SENV	4	0.26	2	15.325	0.001
YYD	49	0.55	3	88.129	0.001
LRKR	8	0.08	1	98.765	0.001
LMQ	7	0.67	4	10.447	0.001
HED	84	0.73	5	113.821	0.001
QQKE	4	0.08	1	44.943	0.001
DDNS	9	0.08	1	105.882	0.001
QNR	51	3.97	12	12.817	0.001
MWY	4	0.17	2	23.529	0.001
EVEE	5	0.19	2	25.641	0.001
SKM	16	1.07	6	14.828	0.001
QMSG	4	0.26	2	15.151	0.001
SKMS	4	0.08	1	47.058	0.001
DDN	102	2.36	7	43.037	0.001
EHSY	14	0.52	3	26.465	0.001
ERAK	4	0.08	1	48.192	0.001
SQKQ	8	0.47	3	17.021	0.001
NRAK	5	0.24	2	20.08	0.001
KKRT	19	0.07	1	246.753	0.001
KQI	9	0.35	3	25.352	0.001
MMN	8	0.47	3	16.913	0.001
HYDN	7	0.2	2	33.98	0.001
KRY	53	1.32	6	40.09	0.001
EDHT	7	0.17	2	39.999	0.001
DEEE	37	0.09	1	377.551	0.001
LHYN	4	0.15	2	26.49	0.001
KSM	6	0.45	4	13.186	0.001
SQQY	4	0.08	1	44.943	0.001
YDQE	8	0.17	2	45.714	0.001
WHY	5	0.42	4	11.682	0.001
SELY	4	0.25	2	15.999	0.001
KRRQ	20	0.17	2	114.285	0.001
DHST	6	0.19	2	30.612	0.001
KKDT	15	0.16	2	89.285	0.001
EDFT	4	0.08	1	45.454	0.001
NKQP	7	0.09	1	74.468	0.001
KQT	22	1.89	7	11.634	0.001
YEYY	10	0.17	2	56.179	0.001
SLHE	21	0.99	4	21.169	0.001
WNI	9	0.81	4	11.097	0.001
HER	7	0.6	4	11.494	0.001
DHYE	14	0.81	5	17.114	0.001
DYGE	6	0.47	4	12.631	0.001
NRT	28	1.06	6	26.168	0.001
SLDD	40	1.89	7	21.052	0.001
SLEH	18	1.36	5	13.177	0.001
KNSY	13	0.54	4	23.985	0.001
KIE	4	0.33	3	11.799	0.001
RKTN	11	0.36	3	29.972	0.001
KEYN	5	0.16	2	31.249	0.001
RNRK	15	0.08	1	168.539	0.001
NQY	17	0.37	3	45.454	0.001
LHM	6	0.26	2	23.076	0.001
KSYN	61	1.49	6	40.666	0.001
SKH	18	0.8	4	22.249	0.001
DDD	244	0.23	2	1029.535	0.001
SLHY	8	0.46	3	17.13	0.001
HENS	4	0.09	1	43.01	0.001
WEEG	4	0.37	3	10.81	0.001
KHQ	8	0.44	4	18.14	0.001
YEYE	20	0.2	2	99.502	0.001
LRQN	10	0.78	5	12.706	0.001
LRK	65	1.89	7	34.373	0.001
NRTG	8	0.26	2	30.534	0.001
MEN	11	0.96	6	11.398	0.001
YYNS	27	2.01	7	13.412	0.001
MMD	4	0.26	2	14.869	0.001
KRNQ	16	0.34	3	46.109	0.001
GLKR	4	0.18	2	21.621	0.001
KNEK	48	0.66	4	72.617	0.001
SNRN	8	0.29	2	27.21	0.001
YRRR	6	0.1	1	59.405	0.001
DDRD	4	0.33	3	12.121	0.001
LHA	9	0.8	6	11.18	0.001
QKY	34	1.07	5	31.539	0.001
KRAN	8	0.1	1	74.074	0.001
YHEE	9	0.09	1	94.736	0.001
QKRQ	8	0.08	1	95.238	0.001
SLKH	4	0.08	1	45.454	0.001
KIK	5	0.18	2	27.777	0.001
LRKS	4	0.09	1	42.105	0.001
KDK	12	0.47	3	25.531	0.001
HEN	47	0.7	4	66.384	0.001
DDDS	7	0.16	2	42.168	0.001
DHDN	5	0.09	1	54.945	0.001
SKHS	4	0.29	3	13.651	0.001
DHYY	6	0.08	1	72.289	0.001
FKS	10	0.69	5	14.306	0.001
SQYH	4	0.08	1	47.619	0.001
QQKY	4	0.08	1	47.058	0.001
KSF	5	0.4	3	12.345	0.001
RRQE	18	1.71	7	10.52	0.001
SLND	10	0.72	5	13.869	0.001
IKQ	9	0.17	2	50.279	0.001
KKNT	36	0.26	2	136.882	0.001
LHH	14	0.51	3	27.237	0.001
YDGE	5	0.29	3	16.949	0.001
LYK	9	0.71	5	12.605	0.001
FHK	6	0.16	2	37.267	0.001
DDHE	16	0.27	2	58.608	0.001
KGAN	44	1.91	9	22.916	0.001
RNRT	7	0.09	1	76.923	0.001
LEDY	5	0.28	2	17.421	0.001
DHEE	17	0.08	1	195.402	0.001
RQNA	4	0.31	3	12.698	0.001
SQRR	34	2.24	8	15.151	0.001
SKQR	15	0.37	3	39.893	0.001
DTEK	4	0.16	2	23.952	0.001
SERK	23	0.53	5	43.233	0.001
SLYH	7	0.35	3	19.553	0.001
EHTN	4	0.17	2	22.598	0.001
NDT	35	0.47	3	73.529	0.001
DEYE	23	0.16	2	136.904	0.001
YDD	106	0.29	3	359.322	0.001
DKSY	5	0.37	3	13.513	0.001
YEEY	13	0.09	1	141.304	0.001
YID	8	0.73	4	10.928	0.001
NIT	6	0.08	1	68.181	0.001
KRW	16	0.85	5	18.823	0.001
DYNS	42	1.93	7	21.739	0.001
SQFY	5	0.35	3	14.005	0.001
RYNS	41	3.13	10	13.057	0.001
YIR	7	0.6	4	11.551	0.001
DDGE	15	0.55	4	27.272	0.001
DYDG	9	0.39	3	22.784	0.001
RRRR	48	0.83	4	57.831	0.001
RKSY	21	0.24	2	87.499	0.001
EFN	15	1.47	6	10.148	0.001
HHD	49	0.72	5	67.679	0.001
HWE	9	0.81	5	11.083	0.001
FIM	4	0.09	1	42.553	0.001
YDHE	11	0.08	1	135.802	0.001
EII	4	0.25	3	15.444	0.001
KRGN	11	0.6	4	18.272	0.001
SHDT	6	0.2	2	28.846	0.001
FNI	13	0.28	2	46.428	0.001
SEDK	6	0.19	2	31.249	0.001
KMQ	6	0.09	1	66.666	0.001
NNYN	4	0.18	2	21.505	0.001
WYM	5	0.26	3	18.587	0.001
NRQK	8	0.08	1	96.385	0.001
EESY	19	0.66	4	28.744	0.001
NKYE	5	0.28	3	17.605	0.001
EDTD	10	0.93	5	10.683	0.001
TKK	12	0.08	1	142.857	0.001
YMS	8	0.72	5	10.989	0.001
NDA	5	0.45	3	11.037	0.001
EHNQ	9	0.49	3	18.292	0.001
YAF	4	0.26	2	15.384	0.001
LMI	4	0.35	3	11.331	0.001
NK	539	15.47	28	34.828	0.001
RKK	241	0.56	4	425.044	0.001
QRN	96	8.89	18	10.792	0.001
KKRS	13	0.08	1	146.067	0.001
SDEY	17	0.29	3	57.627	0.001
KKNG	6	0.1	1	59.999	0.001
QNRT	4	0.1	1	39.215	0.001
NRKN	20	0.19	2	102.564	0.001
IHD	6	0.35	4	16.713	0.001
SED	181	15.97	30	11.328	0.001
RQRN	22	0.74	4	29.451	0.001
HEDT	8	0.46	4	17.13	0.001
DDNT	27	0.08	1	310.344	0.001
KTN	54	1.88	7	28.586	0.001
KQQ	44	0.62	4	70.063	0.001
EEK	76	5.37	15	14.142	0.001
SQNK	4	0.28	2	13.84	0.001
SEMY	4	0.09	1	42.105	0.001
KYEK	4	0.09	1	43.01	0.001
SYRN	14	0.9	5	15.521	0.001
KKR	263	1.35	5	193.382	0.001
YDTE	11	0.78	5	13.941	0.001
DTDH	4	0.08	1	49.382	0.001
RKKS	9	0.19	2	47.368	0.001
DINT	5	0.47	4	10.46	0.001
KRQA	4	0.2	2	19.607	0.001
NDH	8	0.16	2	48.192	0.001
LNK	23	0.71	5	32.078	0.001
LNQN	5	0.1	1	48.543	0.001
EDNY	10	0.46	3	21.505	0.001
KKD	25	0.35	3	70.821	0.001
SYDN	6	0.37	3	16.216	0.001
SEDD	46	0.07	1	638.888	0.001
NNTG	27	0.18	2	149.171	0.001
EDH	114	1.74	6	65.404	0.001
NDV	5	0.1	1	48.543	0.001
YESG	4	0.09	1	40.816	0.001
FQK	5	0.08	1	57.471	0.001
QYNS	25	1.43	5	17.409	0.001
YNRR	4	0.37	3	10.781	0.001
EDF	14	1.39	7	10.021	0.001
SKKA	5	0.28	2	17.361	0.001
QKSY	8	0.28	2	28.469	0.001
EME	20	1.39	5	14.378	0.001
YKY	11	0.4	3	27.431	0.001
KNYG	54	2.72	8	19.787	0.001
SEHE	12	0.28	3	42.704	0.001
DKK	19	0.26	3	71.698	0.001
DLEE	4	0.18	2	21.978	0.001
DDSN	10	0.87	5	11.389	0.001
RNRR	21	0.1	1	205.882	0.001
KRTN	10	0.26	2	38.167	0.001
HAE	13	0.9	5	14.38	0.001
NRM	8	0.44	3	17.817	0.001
EEY	152	1.6	7	94.94	0.001
SKQT	4	0.16	2	24.539	0.001
DDTE	14	0.97	5	14.314	0.001
SRKY	6	0.18	2	33.333	0.001
HKQ	5	0.46	3	10.775	0.001
NEY	8	0.24	2	32.52	0.001
LKN	42	4.03	10	10.403	0.001
RQQP	9	0.35	3	25.495	0.001
DYDT	14	0.07	1	189.189	0.001
LKNS	4	0.09	1	40.404	0.001
KQM	5	0.39	3	12.626	0.001
NRYN	12	0.92	4	13.015	0.001
EHW	7	0.35	3	19.83	0.001
RKY	58	2.2	10	26.339	0.001
MKQ	5	0.1	1	49.999	0.001
SKAK	4	0.19	2	20.408	0.001
EHE	117	4.23	11	27.613	0.001
RKRQ	13	0.5	3	25.54	0.001
QDDD	4	0.08	1	45.977	0.001
EYYN	12	0.77	5	15.404	0.001
EHGN	7	0.29	3	23.89	0.001
WNM	4	0.09	1	43.956	0.001
NQKT	5	0.09	1	53.763	0.001
LKRR	16	0.1	1	156.862	0.001
RRRT	17	1.62	6	10.448	0.001
SEKQ	10	0.09	1	106.382	0.001
QDDS	5	0.28	3	17.793	0.001
YDSN	9	0.36	3	24.93	0.001
YVK	5	0.31	3	15.723	0.001
NRRY	6	0.26	2	22.304	0.001
YKK	33	0.2	2	161.764	0.001
DESG	15	0.51	3	28.901	0.001
AKM	6	0.55	4	10.909	0.001
VKK	20	0.52	4	38.095	0.001
KSTD	42	3.42	11	12.255	0.001
YHS	16	0.64	4	24.96	0.001
EEDQ	11	0.09	1	120.879	0.001
KNE	115	11.07	22	10.379	0.001
KNW	5	0.27	3	17.921	0.001
HHNT	10	0.08	1	117.647	0.001
SLNK	18	0.35	3	50.847	0.001
SYEE	23	0.1	1	225.49	0.001
EEDF	5	0.08	1	61.728	0.001
EYM	5	0.49	3	10.141	0.001
SHEH	8	0.09	1	81.632	0.001
DES	61	1.68	6	36.266	0.001
RQKE	6	0.46	3	12.958	0.001
NRNY	8	0.47	3	16.949	0.001
HFE	5	0.34	3	14.577	0.001
DND	11	0.48	3	22.916	0.001
NRRE	8	0.26	3	29.85	0.001
HETE	12	0.1	1	110.091	0.001
YHSG	5	0.26	3	18.939	0.001
YAKN	16	0.28	3	56.737	0.001
DYNT	15	0.47	3	31.847	0.001
IRRN	4	0.35	3	11.142	0.001
WNA	5	0.37	3	13.368	0.001
YKW	4	0.19	2	20.202	0.001
YKNI	26	1.16	5	22.317	0.001
SYEY	11	0.46	3	23.861	0.001
EYA	13	1.06	6	12.16	0.001
SEYH	6	0.09	1	63.157	0.001
SLRK	47	1.05	5	44.634	0.001
KQF	4	0.08	1	45.977	0.001
SHHE	6	0.18	2	32.608	0.001
DFH	6	0.36	3	16.348	0.001
MFE	9	0.18	2	49.723	0.001
QEEE	4	0.09	1	43.956	0.001
RNRS	6	0.19	2	31.413	0.001
NMY	9	0.1	1	87.378	0.001
KQH	7	0.19	2	36.649	0.001
KQNY	10	0.09	1	108.695	0.001
EMY	13	0.59	5	21.702	0.001
DFF	4	0.28	3	14.184	0.001
KQRE	6	0.08	1	68.181	0.001
EENQ	4	0.17	2	23.391	0.001
SRKE	4	0.38	3	10.498	0.001
EFNT	5	0.17	2	28.089	0.001
LKR	77	3.15	8	24.39	0.001
KTGE	55	4.03	12	13.64	0.001
HAK	33	0.6	4	54.817	0.001
RRSN	13	0.72	4	17.98	0.001
RKYG	11	0.29	3	37.671	0.001
NVS	4	0.17	2	22.598	0.001
ERHD	4	0.19	2	20.304	0.001
EDKN	10	0.17	2	55.865	0.001
RKAN	9	0.33	3	26.548	0.001
NKS	27	0.08	1	321.428	0.001
SLDK	8	0.73	4	10.899	0.001
RNNR	9	0.5	4	17.681	0.001
EYH	34	0.37	3	91.152	0.001
EANV	41	1.36	6	30.058	0.001
RKNQ	16	0.16	2	96.385	0.001
EHK	9	0.27	3	32.608	0.001
QEQP	5	0.09	1	52.083	0.001
SDDN	7	0.23	2	29.288	0.001
EYNY	6	0.1	1	55.045	0.001
SDYY	6	0.44	3	13.363	0.001
HDSG	10	0.66	4	15.151	0.001
RYNT	5	0.27	3	18.248	0.001
EYF	8	0.26	2	30.651	0.001
EEAN	9	0.1	1	89.999	0.001
EEYG	14	0.16	2	85.889	0.001
MQN	5	0.27	3	18.382	0.001
KQA	12	0.94	5	12.738	0.001
LKRS	5	0.18	2	27.173	0.001
KML	4	0.09	1	41.666	0.001
SQIE	4	0.25	2	15.624	0.001
NQSY	4	0.1	1	39.603	0.001
YFH	5	0.09	1	50.505	0.001
EMK	6	0.36	3	16.26	0.001
ESGN	42	2.18	8	19.257	0.001
KNRQ	7	0.19	2	36.649	0.001
SRNN	9	0.8	5	11.221	0.001
KNY	68	4.59	12	14.808	0.001
EQSY	5	0.08	1	56.818	0.001
EEGN	9	0.28	3	31.468	0.001
YLST	4	0.26	2	15.267	0.001
MSNT	4	0.25	2	15.686	0.001
VND	9	0.71	4	12.605	0.001
EDNE	29	2.69	8	10.764	0.001
HTNE	21	0.17	2	121.387	0.001
NRQR	10	0.08	1	116.279	0.001
GEED	4	0.33	3	11.94	0.001
AHDT	4	0.28	3	14.285	0.001
DAKN	33	0.43	3	76.036	0.001
NNT	101	0.62	4	160.828	0.001
EDHG	6	0.27	3	21.505	0.001
RKGN	13	1.29	6	10.015	0.001
DLEY	4	0.09	1	44.444	0.001
YES	25	0.7	4	35.26	0.001
HENT	14	0.31	2	45.016	0.001
SEHY	7	0.29	3	24.054	0.001
MTNE	11	0.07	1	142.857	0.001
QKEK	9	0.11	1	81.818	0.001
DKNI	41	3.91	10	10.461	0.001
RQYE	9	0.63	4	14.218	0.001
KRSY	24	0.75	5	31.704	0.001
YH	265	11.56	23	22.906	0.001
KKRR	30	0.1	1	291.262	0.001
VFH	7	0.33	3	21.084	0.001
HD	585	25.77	42	22.692	0.001
DQYE	4	0.29	2	13.651	0.001
QYD	13	0.83	6	15.643	0.001
SYQH	4	0.08	1	47.058	0.001
QNNT	9	0.09	1	94.736	0.001
RQNN	7	0.6	4	11.532	0.001
RKW	18	0.92	5	19.417	0.001
RKNI	53	1.49	6	35.427	0.001
NNI	24	0.09	1	247.422	0.001
EEES	5	0.09	1	51.546	0.001
LNKR	7	0.08	1	79.545	0.001
QRR	118	7.1	17	16.601	0.001
EHY	61	1.94	8	31.314	0.001
KKRG	16	0.36	3	43.478	0.001
RKE	68	6.35	16	10.691	0.001
FFN	8	0.65	4	12.195	0.001
SDEE	35	0.42	3	81.967	0.001
LQM	5	0.36	3	13.586	0.001
RKKG	15	0.1	1	140.186	0.001
EENI	12	0.25	2	47.244	0.001
EDYN	39	0.9	5	43.285	0.001
MKA	4	0.08	1	46.511	0.001
SYNN	4	0.18	2	21.505	0.001
KKN	234	0.82	4	284.671	0.001
EEE	278	3.85	11	72.02	0.001
SQRK	31	0.37	3	83.557	0.001
FESY	5	0.19	2	26.315	0.001
SDHH	4	0.25	2	15.999	0.001
EWH	6	0.49	3	12.195	0.001
SRKR	26	0.55	3	46.931	0.001
DDTD	10	0.52	4	18.975	0.001
RKNN	13	0.19	2	66.666	0.001
QRKN	21	0.08	1	259.259	0.001
KKQG	6	0.09	1	65.934	0.001
SYES	6	0.36	3	16.348	0.001
DESY	20	0.35	3	57.142	0.001
KQRG	6	0.09	1	62.499	0.001
NRN	74	5.35	12	13.805	0.001
MTGE	16	1.41	5	11.331	0.001
NWF	4	0.09	1	42.105	0.001
QK	609	32.35	52	18.824	0.001
RNRY	4	0.18	2	21.621	0.001
HETG	6	0.52	3	11.494	0.001
LKYN	4	0.19	2	20.304	0.001
KTKN	4	0.28	3	13.937	0.001
KQN	86	0.27	2	318.518	0.001
YEET	10	0.47	3	21.231	0.001
MMI	5	0.08	1	57.471	0.001
SQQK	15	0.07	1	199.999	0.001
RQKG	4	0.08	1	44.943	0.001
SDYD	13	0.28	3	45.296	0.001
WKY	6	0.45	3	13.129	0.001
SKRK	41	0.1	1	405.94	0.001
EYDG	6	0.09	1	63.829	0.001
DEGA	12	0.33	3	35.928	0.001
SVRK	5	0.17	2	28.089	0.001
EDGE	20	1.19	5	16.68	0.001
KAK	49	1.5	5	32.471	0.001
QEK	36	3.3	13	10.889	0.001
RQKR	21	0.08	1	249.999	0.001
EYNS	53	0.86	4	61.13	0.001
SHDY	6	0.17	2	34.09	0.001
FAKN	13	0.86	4	14.959	0.001
MMT	4	0.34	3	11.661	0.001
IMV	5	0.25	3	19.841	0.001
NRRR	17	0.16	2	103.658	0.001
HNK	7	0.17	2	39.325	0.001
FKE	7	0.63	4	11.023	0.001
EKSY	9	0.18	2	47.872	0.001
ERRR	8	0.54	4	14.678	0.001
KKG	62	2.98	8	20.763	0.001
RKST	9	0.74	4	12.113	0.001
FKW	4	0.19	2	20.833	0.001
DDT	106	6.58	16	16.102	0.001
EEYE	45	0.36	3	123.966	0.001
SYKR	19	0.16	2	112.426	0.001
SYED	20	0.34	3	57.471	0.001
SEEN	9	0.19	2	46.391	0.001
KNQP	36	2.28	7	15.727	0.001
NKGA	5	0.16	2	30.487	0.001
SYDH	17	0.09	1	171.717	0.001
KERK	4	0.07	1	52.631	0.001
YDL	4	0.17	2	22.471	0.001
HDEK	8	0.17	2	46.242	0.001
RRQK	22	0.08	1	255.813	0.001
FDDT	4	0.08	1	46.511	0.001
MNK	5	0.26	3	18.656	0.001
KFE	7	0.27	3	25.454	0.001
EEST	7	0.45	4	15.25	0.001
EWDE	4	0.26	2	14.869	0.001
EKKK	5	0.11	1	45.454	0.001
RKYE	15	0.73	3	20.463	0.001
EDHE	28	0.39	3	71.794	0.001
DEET	26	1.3	5	19.908	0.001
NQS	10	0.94	5	10.537	0.001
YDI	7	0.18	2	38.251	0.001
HKN	37	0.69	4	52.932	0.001
LKKN	17	0.08	1	202.38	0.001
LKQ	24	0.83	4	28.708	0.001
YFN	10	0.88	5	11.312	0.001
RQNQ	4	0.18	2	22.222	0.001
SEH	77	5.34	14	14.414	0.001
QQTN	4	0.08	1	49.999	0.001
IHH	4	0.34	3	11.661	0.001
DHYT	4	0.09	1	41.237	0.001
KRS	70	3.99	12	17.5	0.001
YDTD	5	0.26	2	18.656	0.001
HYSY	6	0.28	3	21.352	0.001
MHT	7	0.55	3	12.522	0.001
QKSG	6	0.45	4	13.129	0.001
NAT	7	0.55	4	12.681	0.001
MKN	17	0.47	3	35.714	0.001
KKA	26	1.8	7	14.38	0.001
RWRK	4	0.1	1	39.215	0.001
LQRS	4	0.35	3	11.204	0.001
DHEK	5	0.1	1	49.999	0.001
YESY	13	0.08	1	152.941	0.001
EDDS	11	0.15	2	70.967	0.001
EHDN	15	0.09	1	163.043	0.001
QNSP	28	2.39	8	11.705	0.001
EHYY	7	0.19	2	36.842	0.001
KMDT	4	0.08	1	49.999	0.001
EDAE	4	0.18	2	21.505	0.001
SDK	50	4.42	12	11.291	0.001
IRK	14	0.86	5	16.11	0.001
KSNT	4	0.39	3	10.256	0.001
HRSY	6	0.55	4	10.733	0.001
RNKN	24	0.62	4	38.647	0.001
SEDE	42	0.79	4	53.164	0.001
NRQE	7	0.55	3	12.589	0.001
FND	7	0.18	2	37.037	0.001
SKRW	4	0.16	2	23.952	0.001
DLED	7	0.19	2	35.897	0.001
KTNE	34	0.47	3	70.981	0.001
NID	6	0.54	3	10.989	0.001
SEHD	19	0.09	1	206.521	0.001
LHNT	4	0.18	2	21.505	0.001
NDD	14	1	5	13.888	0.001
KKRE	9	0.37	3	24.064	0.001
AMI	4	0.27	3	14.598	0.001
SEVD	5	0.1	1	46.296	0.001
KKV	12	0.11	1	105.263	0.001
YDT	66	3.98	12	16.57	0.001
SLQK	21	0.35	3	59.154	0.001
EDD	254	1.13	6	224.183	0.001
SEDY	19	0.82	4	22.974	0.001
SYYD	5	0.08	1	58.139	0.001
YAN	21	1.76	10	11.877	0.001
SMH	11	0.44	3	24.553	0.001
LQRR	5	0.19	2	26.041	0.001
LKQR	7	0.18	2	37.037	0.001
NWQ	5	0.07	1	65.789	0.001
TANV	8	0.17	2	45.977	0.001
RKKY	13	0.16	2	76.923	0.001
YQK	6	0.08	1	70.588	0.001
QRRE	9	0.87	5	10.25	0.001
SQID	4	0.26	3	15.094	0.001
EDDG	11	0.25	2	43.824	0.001
EHYE	16	0.27	3	58.181	0.001
SQFK	4	0.09	1	43.478	0.001
KKNE	32	0.19	2	160.804	0.001
SDES	6	0.18	2	32.967	0.001
SYDQ	4	0.18	2	22.222	0.001
QMY	7	0.35	3	19.886	0.001
DETN	5	0.09	1	55.555	0.001
HKD	8	0.25	2	31.372	0.001
SLHW	4	0.19	2	21.052	0.001
EHST	4	0.17	2	22.727	0.001
YFD	9	0.56	3	15.845	0.001
RRAK	14	0.09	1	148.936	0.001
NFT	6	0.27	3	21.897	0.001
DDHT	4	0.08	1	47.058	0.001
KQGE	7	0.39	3	17.902	0.001
SDDH	15	0.37	3	39.999	0.001
SDED	33	0.25	3	129.921	0.001
KRSG	21	0.61	3	34.257	0.001
SDKR	9	0.16	2	53.892	0.001
QKS	25	2.19	8	11.363	0.001
FAF	4	0.18	2	21.978	0.001
WKNI	14	0.16	2	86.419	0.001
SIKR	8	0.46	3	17.204	0.001
KKYN	17	0.09	1	180.851	0.001
EDN	99	5.41	14	18.296	0.001
FFM	4	0.16	2	24.39	0.001
YEEK	6	0.1	1	58.823	0.001
RNQR	10	0.16	2	59.171	0.001
EDHY	12	0.28	2	42.857	0.001
YNA	5	0.25	2	19.92	0.001
RKQQ	11	0.16	2	65.868	0.001
IYW	4	0.19	2	20.618	0.001
KVM	5	0.09	1	54.347	0.001
EDNS	12	0.91	4	13.172	0.001
NNTE	31	0.27	3	114.814	0.001
QYH	5	0.17	2	29.411	0.001
NQSG	4	0.09	1	41.237	0.001
MQQ	5	0.09	1	52.083	0.001
MTN	17	0.33	3	51.204	0.001
QHK	4	0.3	3	13.157	0.001
RQRQ	8	0.08	1	89.887	0.001
EEQP	16	0.53	4	30.188	0.001
GNRK	5	0.17	2	27.932	0.001
HDSY	10	0.74	4	13.404	0.001
LKH	4	0.25	2	15.873	0.001
SYDI	5	0.1	1	48.543	0.001
QRQR	12	0.09	1	126.315	0.001
EEYY	12	0.1	1	111.111	0.001
EYDD	12	0.09	1	123.711	0.001
EEDN	25	0.08	1	287.356	0.001
GYDD	4	0.1	1	39.215	0.001
SRK	131	7.81	17	16.756	0.001
RNA	22	1.07	5	20.503	0.001
QMK	7	0.27	3	25.925	0.001
HETD	5	0.46	3	10.752	0.001
QQSY	7	0.28	3	24.475	0.001
EDQE	9	0.44	3	20.361	0.001
LNRN	5	0.37	3	13.368	0.001
SHDE	16	0.16	2	95.238	0.001
NRNR	9	0.18	2	48.387	0.001
IIK	4	0.17	2	22.857	0.001
YQY	9	0.28	3	32.028	0.001
HDGA	4	0.16	2	24.39	0.001
EHEY	8	0.09	1	81.632	0.001
DKRN	4	0.09	1	40.404	0.001
HEI	5	0.17	2	28.901	0.001
EYHE	10	0.09	1	105.263	0.001
KFK	13	0.16	2	78.313	0.001
QEED	7	0.36	3	19.23	0.001
DDTG	10	0.58	3	17.241	0.001
DQK	9	0.43	3	20.93	0.001
SHHD	7	0.28	3	24.39	0.001
SRKS	10	0.45	4	21.786	0.001
YYI	4	0.37	3	10.81	0.001
SYKD	4	0.09	1	44.444	0.001
DHET	16	0.19	2	83.769	0.001
HET	76	4.96	13	15.291	0.001
RNNY	6	0.27	2	21.897	0.001
YLK	4	0.09	1	43.01	0.001
NRR	100	4.97	13	20.1	0.001
RQQN	8	0.52	3	15.238	0.001
RQK	105	1.81	7	57.947	0.001
KQRS	7	0.19	2	36.842	0.001
SYKS	5	0.09	1	51.02	0.001
EYD	96	1.56	6	61.224	0.001
RRKA	5	0.27	3	18.05	0.001
NYD	12	0.61	4	19.417	0.001
SLHK	7	0.36	3	19.073	0.001
WND	9	0.42	3	21.377	0.001
KRRA	6	0.26	3	22.9	0.001
KKQ	121	0.09	1	1329.67	0.001
SYK	96	2.86	10	33.461	0.001
KKKN	48	0.08	1	571.428	0.001
KQR	86	1.5	6	57.256	0.001
EMYE	7	0.08	1	80.459	0.001
KR	1246	68.46	93	18.198	0.001
KNTD	5	0.36	3	13.888	0.001
NHT	4	0.36	3	10.928	0.001
QKQ	57	1.19	5	47.5	0.001
RRNN	16	0.85	5	18.779	0.001
EYGA	6	0.17	2	33.898	0.001
DEDG	13	0.08	1	160.493	0.001
LDEN	10	0.09	1	111.111	0.001
QVKN	4	0.38	3	10.362	0.001
QRRA	5	0.46	3	10.822	0.001
SVKR	5	0.18	2	26.595	0.001
YHD	48	0.27	3	175.824	0.001
SKKR	39	0.66	4	58.558	0.001
DDHH	10	0.09	1	105.263	0.001
YQNT	6	0.46	3	12.875	0.001
EKN	62	1.74	8	35.489	0.001
WEYN	5	0.36	2	13.55	0.001
NKN	107	2.21	7	48.328	0.001
QQR	36	2.4	8	14.956	0.001
EYSY	13	0.34	3	38.011	0.001
KYG	55	3.98	11	13.794	0.001
LHW	8	0.47	4	16.842	0.001
KRWN	4	0.26	3	14.981	0.001
SYIE	4	0.09	1	40.816	0.001
YEQE	7	0.09	1	77.777	0.001
KHY	8	0.26	2	29.962	0.001
YHDS	6	0.08	1	71.428	0.001
SQYE	12	1.02	5	11.718	0.001
VHD	8	0.7	4	11.283	0.001
MIR	6	0.52	3	11.494	0.001
SRRK	35	0.27	2	126.811	0.001
QFK	8	0.18	2	42.328	0.001
SLWY	4	0.08	1	47.058	0.001
KQP	53	2.39	8	22.138	0.001
GKRR	6	0.08	1	67.415	0.001
SQNN	6	0.36	3	16.666	0.001
LEYD	7	0.27	3	25.27	0.001
LYDY	4	0.08	1	45.454	0.001
NRSY	11	0.27	2	39.855	0.001
DEN	110	2.01	7	54.59	0.001
WQI	4	0.39	3	10.05	0.001
SLEY	24	1.96	7	12.238	0.001
SYRK	18	0.27	3	66.176	0.001
EHAK	10	0.19	2	51.02	0.001
EHI	11	0.19	2	57.591	0.001
DDQP	13	1.21	6	10.655	0.001
DHGE	11	0.27	2	39.568	0.001
DENS	17	0.08	1	195.402	0.001
KQSY	8	0.08	1	95.238	0.001
KSGN	38	0.36	3	105.555	0.001
SDDT	7	0.28	3	24.822	0.001
SKRH	4	0.09	1	41.237	0.001
RQRK	13	0.16	2	76.923	0.001
YYEY	10	0.09	1	101.01	0.001
FKNT	5	0.26	3	18.939	0.001
QKM	7	0.19	2	35.714	0.001
DEQE	12	0.54	4	22.018	0.001
SQKE	7	0.35	3	19.607	0.001
RKIR	7	0.09	1	76.086	0.001
SLNN	15	0.54	3	27.573	0.001
KHK	13	0.09	1	138.297	0.001
DHDS	6	0.17	2	33.898	0.001
DHD	114	1.5	6	75.949	0.001
KKS	55	0.81	4	67.319	0.001
FEF	6	0.18	2	32.786	0.001
KDKN	5	0.08	1	57.471	0.001
SDNK	4	0.17	2	22.598	0.001
YNSG	5	0.24	2	20.242	0.001
EYET	9	0.18	2	48.648	0.001
FEH	4	0.08	1	45.977	0.001
KSNQ	38	1.65	7	22.96	0.001
SQRM	7	0.17	2	39.548	0.001
SNRS	4	0.08	1	44.943	0.001
QKYN	13	0.19	2	66.326	0.001
LDDE	16	0.28	2	56.737	0.001
KENQ	4	0.08	1	47.619	0.001
IKK	9	0.09	1	93.749	0.001
HRRR	4	0.18	2	21.39	0.001
NNK	45	0.15	2	284.81	0.001
KMY	5	0.23	2	20.92	0.001
HYNS	25	1.14	5	21.815	0.001
ENK	16	0.36	3	43.36	0.001
KNL	10	0.96	5	10.416	0.001
QKNE	17	0.18	2	90.425	0.001
RRKE	18	0.36	3	49.046	0.001
DYEY	19	0.09	1	211.111	0.001
FDK	4	0.34	2	11.461	0.001
HEYE	12	0.16	2	73.619	0.001
YRNN	6	0.16	2	37.267	0.001
KYA	4	0.08	1	44.943	0.001
MYN	24	2.14	7	11.167	0.001
YEN	48	0.18	2	255.319	0.001
EDEK	13	0.52	4	24.714	0.001
MYNS	10	0.43	3	22.779	0.001
KQET	50	4.47	11	11.173	0.001
RDDN	4	0.32	3	12.158	0.001
RKTR	5	0.45	3	10.893	0.001
NMT	4	0.33	3	11.834	0.001
KRF	12	0.65	5	18.348	0.001
SKNQ	7	0.42	3	16.587	0.001
KRRE	19	0.37	3	50.531	0.001
MEYE	4	0.18	2	21.857	0.001
SYNT	4	0.35	2	11.331	0.001
KRH	12	0.82	4	14.545	0.001
RKI	16	0.76	3	20.833	0.001
NDSY	7	0.08	1	82.352	0.001
NRKT	9	0.15	2	57.692	0.001
IKNI	12	0.25	2	47.999	0.001
DHN	59	4.15	11	14.189	0.001
EDSY	32	1.81	7	17.66	0.001
HEDN	15	0.08	1	172.413	0.001
HEYY	6	0.1	1	59.999	0.001
NQNE	6	0.2	2	29.999	0.001
QKNY	6	0.07	1	75.949	0.001
HDQE	7	0.38	3	18.134	0.001
LRQR	8	0.64	4	12.383	0.001
EEAK	5	0.09	1	51.02	0.001
EQNE	4	0.08	1	47.619	0.001
NSTD	25	0.1	1	233.644	0.001
EYTN	4	0.1	1	39.603	0.001
EETD	12	0.23	3	50.42	0.001
QKH	5	0.27	2	18.05	0.001
RKQT	8	0.1	1	78.431	0.001
DEGE	15	0.08	1	170.454	0.001
EEI	10	0.9	5	11.061	0.001
RRSK	4	0.09	1	40.816	0.001
KRNE	16	0.44	4	35.794	0.001
KNSP	53	2.29	8	23.063	0.001
LEED	15	0.18	2	83.333	0.001
EDGA	10	0.62	4	16.025	0.001
SKRQ	20	1.48	6	13.422	0.001
DHNS	5	0.38	3	12.919	0.001
RKTD	12	0.62	4	19.108	0.001
KQKT	9	0.08	1	105.882	0.001
SLYY	15	0.39	3	37.593	0.001
KKSG	9	0.07	1	115.384	0.001
DDYE	34	1.43	7	23.759	0.001
LIM	6	0.34	3	17.241	0.001
DDHQ	5	0.28	2	17.667	0.001
NET	26	0.17	2	146.067	0.001
YED	94	1.06	6	88.014	0.001
NST	27	0.72	3	37.447	0.001
SLRN	28	1.82	7	15.342	0.001
SYDT	10	0.66	4	15.105	0.001
RRQP	14	1.33	5	10.486	0.001
SQKY	7	0.07	1	88.607	0.001
KRYN	21	0.24	2	85.714	0.001
HYD	35	0.78	4	44.757	0.001
LDDY	5	0.28	2	17.543	0.001
KSY	107	6.59	17	16.212	0.001
NQYN	6	0.18	2	33.333	0.001
KRFR	5	0.09	1	55.555	0.001
KRM	14	0.25	2	55.776	0.001
KEY	11	0.52	4	20.992	0.001
MQ	77	7.64	19	10.071	0.001
SPEH	4	0.17	2	22.471	0.001
RRQQ	8	0.66	4	11.976	0.001
EQYN	4	0.25	3	15.81	0.001
DDST	12	0.35	3	34.188	0.001
NRTN	7	0.09	1	76.923	0.001
SDRK	7	0.54	3	12.844	0.001
NKGE	7	0.18	2	37.634	0.001
MYD	5	0.17	2	29.069	0.001
SQHH	5	0.09	1	50.505	0.001
SKK	154	1.79	7	85.698	0.001
SLKY	5	0.18	2	27.173	0.001
SLEE	41	3.63	12	11.288	0.001
QKQR	10	0.1	1	91.743	0.001
YEGE	6	0.16	2	35.502	0.001
QQRR	12	0.09	1	129.032	0.001
HHYE	10	0.53	3	18.656	0.001
HWQ	4	0.15	2	25.974	0.001
LYDE	5	0.17	2	28.248	0.001
DEYQ	4	0.17	2	22.471	0.001
EDET	22	0.15	2	138.364	0.001
SKRI	4	0.19	2	20.512	0.001
SQRN	19	0.52	4	35.984	0.001
FRK	13	0.36	3	35.911	0.001
YHN	22	0.74	4	29.569	0.001
NNNQ	4	0.16	2	24.999	0.001
SLHH	12	0.31	2	37.974	0.001
FHA	5	0.42	3	11.764	0.001
IND	4	0.17	2	23.121	0.001
WEH	8	0.7	4	11.428	0.001
DYDN	10	0.08	1	123.456	0.001
EKD	12	1.09	5	10.989	0.001
SKKS	4	0.27	3	14.705	0.001
NKR	110	0.46	3	236.051	0.001
DHQE	7	0.25	3	27.559	0.001
EVHE	4	0.1	1	38.461	0.001
HIN	6	0.58	4	10.256	0.001
EKR	35	2.05	7	17.056	0.001
EYEK	8	0.18	2	42.553	0.001
SEDA	4	0.28	2	14.134	0.001
SDDV	4	0.18	2	21.276	0.001
SDNT	8	0.42	4	18.648	0.001
KEK	65	2.31	7	28.114	0.001
YVI	5	0.09	1	52.083	0.001
NTN	25	2.18	8	11.42	0.001
SLMI	4	0.25	2	15.81	0.001
SDDW	4	0.09	1	44.444	0.001
EQKN	4	0.09	1	41.666	0.001
KSK	14	0.63	4	21.978	0.001
KRQS	6	0.1	1	59.405	0.001
RRRN	34	0.41	3	81.339	0.001
NQQ	15	0.96	6	15.624	0.001
HDN	40	1.03	6	38.759	0.001
SRNK	10	0.16	2	60.606	0.001
LHK	10	0.45	3	22.026	0.001
DED	250	1.26	6	197.316	0.001
KRQ	122	3.5	10	34.777	0.001
KRKN	54	0.1	1	534.653	0.001
HNTE	29	0.92	5	31.453	0.001
LANV	7	0.35	3	19.886	0.001
KKRA	4	0.16	2	24.39	0.001
YDYE	16	0.97	5	16.343	0.001
WHQ	7	0.62	4	11.164	0.001
LYH	10	0.54	4	18.248	0.001
SQYY	4	0.36	3	11.019	0.001
KK	1311	13.22	25	99.137	0.001
SDLE	16	0.36	3	43.478	0.001
QQNS	5	0.14	2	34.013	0.001
LYF	4	0.17	2	23.121	0.001
IMSG	4	0.18	2	21.978	0.001
KRRS	14	0.09	1	144.329	0.001
RRQN	19	0.35	3	53.521	0.001
QKN	122	3.11	10	39.115	0.001
RRK	240	2.39	7	100.25	0.001
NQR	44	1.37	6	32	0.001
NIS	6	0.17	2	33.519	0.001
YYY	29	1.06	5	27.204	0.001
EKQ	21	1.45	5	14.452	0.001
AQEK	4	0.07	1	52.631	0.001
DHH	44	0.74	4	59.06	0.001
MHE	8	0.46	3	17.057	0.001
SLMN	7	0.62	4	11.199	0.001
YDED	20	0.07	1	253.164	0.001
NKQ	44	0.72	5	61.026	0.001
DHNY	7	0.29	3	23.728	0.001
DYK	13	0.85	5	15.276	0.001
NVQ	6	0.37	3	15.957	0.001
HEY	50	0.46	3	106.609	0.001
LDDD	12	0.07	1	151.898	0.001
YIGN	4	0.19	2	21.052	0.001
KYD	7	0.18	2	37.634	0.001
DDHN	14	0.18	2	74.866	0.001
SYKA	5	0.08	1	62.499	0.001
REKN	6	0.24	2	24.691	0.001
KQ	619	35.96	55	17.209	0.001
MEY	17	0.75	4	22.397	0.001
YDGN	11	0.17	2	64.705	0.001
QKNS	10	0.08	1	119.047	0.001
HHE	47	1.39	6	33.715	0.001
MSY	39	3.39	10	11.47	0.001
KRR	227	1.74	6	129.937	0.001
YDE	115	4	13	28.706	0.001
DHHD	9	0.25	2	35.999	0.001
WHD	6	0.08	1	68.181	0.001
SQK	123	8.04	17	15.294	0.001
SQQN	4	0.24	3	16.26	0.001
HYYN	7	0.25	3	27.237	0.001
DEQ	33	1.78	7	18.508	0.001
DEKN	8	0.08	1	93.023	0.001
RRKD	7	0.37	3	18.918	0.001
EFK	5	0.36	3	13.774	0.001
YMH	5	0.09	1	54.945	0.001
SNF	12	0.74	5	16.15	0.001
DHA	20	1.99	6	10.035	0.001
QKRR	20	0.08	1	235.294	0.001
DDNQ	13	0.26	2	49.429	0.001
YEYN	20	0.09	1	202.02	0.001
SKRN	18	0.26	3	67.669	0.001
YIE	10	0.63	4	15.797	0.001
YDW	6	0.45	3	13.186	0.001
YEM	8	0.09	1	85.106	0.001
RYK	15	1.48	5	10.128	0.001
ARKN	5	0.33	3	14.88	0.001
DDAN	10	0.2	2	49.751	0.001
KRNR	14	0.18	2	77.348	0.001
DHDE	27	0.08	1	325.301	0.001
QML	4	0.35	2	11.428	0.001
DDYG	19	1.46	7	12.925	0.001
LEEY	6	0.08	1	72.289	0.001
LDD	59	4.13	11	14.264	0.001
EHNT	11	0.1	1	105.769	0.001
SLYD	22	1.19	5	18.379	0.001
IFN	6	0.53	3	11.214	0.001
HDA	18	0.36	3	49.999	0.001
DENE	25	0.46	3	53.879	0.001
HK	119	10.19	21	11.672	0.001
KRGE	14	0.91	5	15.283	0.001
VYK	5	0.49	4	10.08	0.001
MEK	13	0.88	4	14.772	0.001
LWH	4	0.17	2	22.857	0.001
EEDT	19	0.88	6	21.396	0.001
DDGN	12	0.17	2	67.415	0.001
SVEE	7	0.27	2	25.925	0.001
SLQN	13	1.09	5	11.872	0.001
HEEG	6	0.18	2	32.967	0.001
LWF	6	0.41	3	14.563	0.001
NKYN	11	0.17	2	62.857	0.001
SLHM	6	0.19	2	31.578	0.001
EKYN	9	0.47	3	18.907	0.001
YHF	8	0.07	1	102.564	0.001
SDQK	4	0.17	2	23.121	0.001
MK	106	7.85	18	13.494	0.001
SQYD	9	0.16	2	54.216	0.001
KIN	17	0.95	5	17.745	0.001
SLNH	6	0.35	3	17.094	0.001
DEHG	6	0.1	1	56.603	0.001
RRRQ	19	0.61	5	30.694	0.001
MRKN	5	0.07	1	64.935	0.001
NRSG	5	0.35	3	14.245	0.001
LRRR	12	0.36	3	32.697	0.001
YHDE	7	0.09	1	70.707	0.001
HDH	48	0.19	2	241.206	0.001
NNNN	4	0.15	2	25.316	0.001
EHTE	4	0.29	3	13.605	0.001
RKRT	12	0.43	4	27.334	0.001
HDV	5	0.27	3	18.518	0.001
HDNY	4	0.1	1	39.999	0.001
DEM	17	0.64	4	26.194	0.001
QKQE	15	0.18	2	82.872	0.001
HME	5	0.38	3	12.853	0.001
NKNE	6	0.08	1	72.289	0.001
YRQN	6	0.35	3	16.997	0.001
YRK	24	0.88	4	27.057	0.001
QNK	40	0.88	5	45.351	0.001
YEQ	11	0.62	4	17.599	0.001
DDE	264	5.68	13	46.454	0.001
VRK	17	1.39	7	12.16	0.001
DDW	11	0.88	4	12.457	0.001
DEDY	30	0.18	2	161.29	0.001
HYQ	6	0.34	4	17.291	0.001
DEYN	23	0.19	2	119.17	0.001
YHA	8	0.1	1	76.923	0.001
WED	17	1.34	7	12.667	0.001
KDD	9	0.63	4	14.084	0.001
HEGN	6	0.53	4	11.257	0.001
NKH	5	0.08	1	56.818	0.001
IQK	7	0.43	3	16.055	0.001
DHKN	8	0.11	1	70.796	0.001
LYDD	7	0.09	1	72.916	0.001
NKNY	7	0.27	3	25.925	0.001
QQNE	8	0.26	3	30.534	0.001
DWYE	4	0.27	3	14.705	0.001
NKRE	9	0.18	2	49.18	0.001
EKH	13	0.27	3	47.619	0.001
DEA	28	2.54	9	11.006	0.001
NVF	4	0.08	1	44.943	0.001
HDNE	7	0.37	3	18.666	0.001
NKF	7	0.19	2	36.082	0.001
ETNE	41	2.75	9	14.876	0.001
AANV	9	0.17	2	50.561	0.001
MQP	9	0.84	5	10.701	0.001
RMM	4	0.26	2	14.981	0.001
SLKR	54	1.92	6	27.979	0.001
RKNT	39	2.3	8	16.919	0.001
QRKT	8	0.27	2	29.52	0.001
YHYN	6	0.1	1	55.045	0.001
NTNE	21	0.47	3	44.117	0.001
YDY	54	2.06	6	26.137	0.001
HNT	73	3.57	10	20.408	0.001
YHM	5	0.08	1	60.24	0.001
KKET	9	0.35	3	25.21	0.001
DEDE	55	0.1	1	544.554	0.001
KRQE	18	0.14	2	122.448	0.001
NENT	4	0.36	3	10.899	0.001
DDK	22	0.43	3	50.574	0.001
YIY	5	0.25	2	19.685	0.001
EENT	30	0.96	5	31.217	0.001
SWRK	4	0.27	2	14.44	0.001
DEF	9	0.51	4	17.578	0.001
HEES	5	0.09	1	54.347	0.001
FHD	6	0.38	3	15.544	0.001
RKSN	12	0.66	4	17.991	0.001
NKA	12	0.62	4	19.292	0.001
LDYH	4	0.07	1	51.282	0.001
HNI	34	0.39	3	85.427	0.001
DEH	113	0.19	2	567.839	0.001
RIK	13	1.23	6	10.534	0.001
STEE	4	0.18	2	21.621	0.001
HHY	22	1.09	5	20.164	0.001
LYD	31	2.32	7	13.35	0.001
NRS	29	1.26	7	22.888	0.001
SNKN	7	0.07	1	90.909	0.001
DENY	10	0.08	1	123.456	0.001
HDM	6	0.25	2	23.346	0.001
DLEA	4	0.38	3	10.389	0.001
EESN	4	0.18	2	21.276	0.001
HEW	9	0.37	3	24.064	0.001
MNI	13	0.34	3	37.9	0.001
HDYN	12	0.08	1	149.999	0.001
KQS	30	0.7	4	42.796	0.001
YHNE	7	0.55	4	12.658	0.001
SMEV	4	0.08	1	45.977	0.001
DYNQ	5	0.07	1	64.102	0.001
VMQ	4	0.25	3	15.748	0.001
YYW	5	0.26	3	18.726	0.001
HEE	118	1.08	5	108.356	0.001
SEHA	4	0.08	1	49.999	0.001
REHD	4	0.08	1	45.977	0.001
QQYN	4	0.09	1	41.237	0.001
EETE	17	0.55	4	30.852	0.001
KYN	103	5.79	14	17.764	0.001
SKNN	6	0.07	1	75.949	0.001
YEDE	24	0.18	2	131.147	0.001
DHM	5	0.36	3	13.85	0.001
RRKR	37	0.09	1	397.849	0.001
DDY	155	3.85	11	40.238	0.001
KKGA	9	0.34	3	26.315	0.001
HWN	7	0.52	3	13.461	0.001
YDK	5	0.46	3	10.799	0.001
RMQ	9	0.89	5	10.089	0.001
YDEG	5	0.09	1	51.546	0.001
RKTE	11	0.56	4	19.642	0.001
RQQK	8	0.08	1	89.887	0.001
FEN	12	0.82	5	14.545	0.001
HYA	8	0.56	3	14.084	0.001
DGED	5	0.1	1	45.871	0.001
DHYN	15	0.83	4	17.899	0.001
HMY	8	0.29	2	27.397	0.001
DHDY	18	0.07	1	239.999	0.001
LEEE	12	0.26	2	45.454	0.001
KKSY	26	0.09	1	268.041	0.001
KRRR	28	0.08	1	321.839	0.001
YNEK	21	1.67	6	12.507	0.001
REQR	4	0.16	2	24.539	0.001
MQET	17	1.21	6	13.98	0.001
KYNS	45	0.77	5	58.365	0.001
YEA	14	0.73	5	19.073	0.001
DYGN	6	0.17	2	33.898	0.001
QREK	5	0.09	1	50.505	0.001
QQQ	18	1.61	6	11.124	0.001
EAK	41	3.86	12	10.597	0.001
RRNI	10	0.88	4	11.261	0.001
MANV	8	0.17	2	44.943	0.001
SQKR	23	0.38	3	60.052	0.001
NAK	22	0.44	3	49.773	0.001
MYF	4	0.28	3	13.84	0.001
SEKK	12	0.08	1	134.831	0.001
EHDT	11	0.19	2	56.994	0.001
DYNI	8	0.07	1	105.263	0.001
QKR	98	1.1	5	88.687	0.001
NQN	37	0.94	5	39.319	0.001
DDYD	25	0.09	1	252.525	0.001
DKTE	4	0.08	1	45.454	0.001
KRRG	13	0.47	3	27.659	0.001
HDQ	23	1.75	7	13.105	0.001
HDKN	6	0.28	3	21.126	0.001
RRKG	15	0.54	4	27.322	0.001
SRQK	14	0.27	3	50.359	0.001
HYV	6	0.18	2	31.914	0.001
KRN	184	2	7	91.587	0.001
HYH	16	0.09	1	163.265	0.001
YEF	4	0.08	1	48.78	0.001
HANV	31	0.07	1	430.555	0.001
DHHG	7	0.29	3	23.569	0.001
YEV	7	0.09	1	72.164	0.001
LRKQ	8	0.18	2	43.01	0.001
MKS	11	0.74	4	14.686	0.001
HEYG	6	0.09	1	61.224	0.001