fold,id,y_true,y_pred
1,flu_00027,4.0,0.045000598351787845
1,flu_00036,5.0,2.9514231402684843e-08
1,flu_00037,6.0,0.8837032820952524
1,flu_00040,6.0,1.196343964070195
1,flu_00047,6.0,114317953548288.77
1,flu_00053,0.0,0.0003685787305368871
1,flu_00059,6.0,0.7509751686328724
1,flu_00074,0.0,32.27980902973593
1,flu_00078,0.0,1.4660806923425757e-07
1,flu_00082,0.0,0.9745702591718576
1,flu_00085,0.0,0.009897283479746687
1,flu_00087,0.0,2.0321814298155414
1,flu_00088,0.0,1.6956371558275927
1,flu_00096,0.0,0.0048286709257273994
1,flu_00100,5.0,0.26290002816487296
1,flu_00104,5.0,0.311595286862687
1,flu_00106,5.0,1.1655466666302003
1,flu_00115,5.0,32.4279089066804
1,flu_00119,4.0,6.571963927588373
1,flu_00127,6.0,3.593142056610085
1,flu_00143,5.0,118.23536766716741
1,flu_00148,5.0,13.110771264824246
1,flu_00164,5.0,0.4828366200093941
1,flu_00190,0.0,0.002022881127430764
1,flu_00191,0.0,0.005264877447029385
1,flu_00194,0.0,13.350105767513849
1,flu_00196,0.0,4.049491795589453e-08
1,flu_00215,0.0,0.19239415894131046
1,flu_00225,0.0,0.0027850061707936392
1,flu_00228,6.0,0.10987553091905294
1,flu_00234,5.0,0.002627606677331301
1,flu_00248,0.0,0.0033500447567812335
1,flu_00271,4.0,0.012302463107605183
1,flu_00272,0.0,0.005008766570690606
1,flu_00288,5.0,2.331220804410593
1,flu_00290,6.0,47.4222580809588
1,flu_00295,0.0,0.01290430335526413
1,flu_00302,0.0,0.006610644849448518
1,flu_00339,0.0,427.09215885027936
1,flu_00352,0.0,0.03850160203207396
1,flu_00369,0.0,0.6463406562676695
1,flu_00374,5.0,0.0595663450843266
1,flu_00377,0.0,0.3887873122777767
1,gut_hiv_00004,0.0,3.137628678558758e-05
1,gut_hiv_00012,4.0,14.046880439039136
1,gut_hiv_00014,4.0,0.17706518936742838
1,gut_hiv_00024,0.0,0.12907819781363006
1,gut_hiv_00036,0.0,0.0024542910071775146
1,gut_hiv_00038,0.0,0.12213237089964457
1,gut_hiv_00042,0.0,0.09383972140084079
1,gut_hiv_00047,0.0,0.12962158125187898
1,gut_hiv_00053,0.0,0.0003369341016763523
1,gut_hiv_00056,4.0,6.749854135205775e-07
1,gut_hiv_00058,4.0,0.0001506208041514865
1,gut_hiv_00063,4.0,0.20942441956859623
1,gut_hiv_00066,0.0,2.857665724542593
1,gut_hiv_00073,0.0,4.477385920013563e-06
1,mouse_iga_00000,0.0,13.409249259689282
1,mouse_iga_00001,0.0,6.1700481125447775
1,mouse_iga_00004,0.0,0.7102219141880041
1,mouse_iga_00006,0.0,0.07438720480586229
1,mouse_iga_00012,0.0,0.6203496032470356
1,mouse_iga_00013,0.0,0.06449748772043405
1,mouse_iga_00015,0.0,0.013006141955411598
1,mouse_iga_00017,7.0,18.54713995241208
1,mouse_iga_00021,0.0,620.4393903623352
1,mouse_iga_00022,0.0,0.875597907249311
1,mouse_iga_00025,0.0,0.01926509562188287
1,mouse_iga_00036,7.0,0.8310132722458324
1,mouse_iga_00039,0.0,0.23279929657579135
1,mouse_iga_00042,0.0,0.10131386108599866
1,mouse_iga_00046,7.0,0.020300287925945574
1,mouse_iga_00051,0.0,8.13397102817161
1,mouse_iga_00053,0.0,0.6935596249157133
1,mouse_iga_00058,0.0,0.5000949128312957
1,mouse_iga_00066,0.0,0.4969462349025773
1,mouse_iga_00074,0.0,8.874981021004086
1,mouse_iga_00077,7.0,0.0516632050528143
1,mouse_iga_00085,7.0,13.17074321195569
1,mouse_iga_00092,7.0,36.83236430597454
1,mouse_iga_00103,0.0,0.11245502211237077
1,mouse_iga_00107,0.0,2.835057999997003
1,mouse_iga_00119,0.0,0.21000818353817077
1,mouse_iga_00121,0.0,0.0009015529810213161
1,mouse_iga_00122,7.0,4.814764361629866
1,mouse_iga_00125,0.0,9.563233173054492
1,mouse_iga_00128,7.0,13.005870830094397
1,mouse_iga_00132,0.0,0.0005150575286347066
1,mouse_iga_00136,0.0,0.28705358424702687
1,mouse_iga_00147,0.0,0.0498129535237259
1,mouse_iga_00148,0.0,1.1799337116224806
1,mouse_iga_00150,0.0,0.11205613431704221
1,mouse_iga_00153,0.0,0.012223895748104112
1,mouse_iga_00157,7.0,0.007805418526135131
1,mouse_iga_00177,7.0,3.9339320019645747
1,mouse_iga_00182,7.0,0.0807725269153104
1,mouse_iga_00185,0.0,2.0064294269721117
1,mouse_iga_00194,7.0,2.134371668662054
1,mouse_iga_00195,7.0,5.86102320822828
1,mouse_iga_00200,0.0,0.006457302346221838
1,mouse_iga_00206,7.0,0.21492132516687393
1,mouse_iga_00216,7.0,12.768171545935548
1,mouse_iga_00221,0.0,0.35376470229143353
1,mouse_iga_00229,7.0,0.44689527311997224
1,mouse_iga_00230,7.0,3.979604206526389
1,mouse_iga_00233,0.0,3.7230361083917347
1,mouse_iga_00235,7.0,0.0009061048438771726
1,mouse_iga_00236,7.0,0.050967060065392616
1,mouse_iga_00238,7.0,701.2220439299393
1,mouse_iga_00242,7.0,6.84195984646051
1,mouse_iga_00248,7.0,0.0457118136751016
1,mouse_iga_00251,0.0,0.00021565962913925932
1,mouse_iga_00252,7.0,87.4590211923441
1,mouse_iga_00270,7.0,2.7862716054561445e-05
1,mouse_iga_00275,7.0,76.68540607184387
1,mouse_iga_00276,0.0,23.114164509728276
1,mouse_iga_00281,7.0,0.5702810991025596
1,mouse_iga_00282,7.0,2.825148666464522
1,mouse_iga_00288,7.0,0.8066464720350499
1,mouse_iga_00293,7.0,4.414053121085553
1,mouse_iga_00297,0.0,0.006136444625109462
1,mouse_iga_00301,7.0,158.5930036333175
1,mouse_iga_00303,7.0,0.27059613947183037
1,mouse_iga_00304,7.0,8.525406768449072
1,mouse_iga_00306,7.0,0.06705555655198045
1,mouse_iga_00315,7.0,0.0007372994811202906
1,mouse_iga_00322,0.0,0.5587874707833849
1,mouse_iga_00326,0.0,0.44742418101305403
1,mouse_iga_00328,0.0,0.000731015696617282
1,mouse_iga_00329,0.0,0.330168100655672
1,mouse_iga_00330,7.0,7.915957478859562
1,mouse_iga_00331,0.0,0.4193899734499899
1,mouse_iga_00334,0.0,36.47250393175774
1,mouse_iga_00344,7.0,0.4698662769801489
1,mouse_iga_00356,0.0,60.67322040987194
1,mouse_iga_00357,7.0,1.5053763360012178
1,mouse_iga_00358,7.0,16.318745333560898
1,mouse_iga_00368,0.0,7.187558582438321
1,mouse_iga_00369,0.0,0.13002026678120437
1,mouse_iga_00371,7.0,67.04422690084834
1,mouse_iga_00377,7.0,117.50592881922091
1,mouse_iga_00396,0.0,0.8450881555920929
1,mouse_iga_00406,7.0,3.03276048967921
1,mouse_iga_00407,7.0,0.04749818877612213
1,mouse_iga_00409,7.0,1.0008664131143805
1,mouse_iga_00416,7.0,0.0006958508690630102
1,mouse_iga_00419,0.0,0.6119156349506065
1,mouse_iga_00420,0.0,0.0076193101641806
1,mouse_iga_00423,7.0,0.23210353569030595
1,mouse_iga_00440,0.0,0.35212847573016587
1,mouse_iga_00443,7.0,1.110951266338333
1,mouse_iga_00449,7.0,0.656059162254143
1,mouse_iga_00454,0.0,0.6519168737965211
1,mouse_iga_00455,0.0,0.08494350889075655
1,mouse_iga_00461,0.0,1.5911867359929213
1,mouse_iga_00480,7.0,8.09462838684058
1,nat_cntrl_00002,0.0,1.8288614130444523
1,nat_cntrl_00012,0.0,0.00040065280562421663
1,nat_cntrl_00013,0.0,5.372349264538004e-10
1,nat_cntrl_00026,6.0,36.76027413819047
1,nat_cntrl_00032,0.0,6.611049231411385e-05
1,nat_cntrl_00034,5.0,1.044802051702449
1,nat_cntrl_00035,0.0,0.6923045710697895
1,nat_cntrl_00039,6.0,0.015821295861287655
1,nat_cntrl_00043,0.0,31.088345441919447
1,nat_hiv_00001,5.0,2.6586677745640985
1,nat_hiv_00017,6.0,10084.325132860587
1,nat_hiv_00019,6.0,1.9027828726408262
1,nat_hiv_00057,5.0,0.0066999108235885115
1,nat_hiv_00062,5.0,3.2607789186635704e-06
1,nat_hiv_00071,0.0,4.149135727211473
1,nat_hiv_00077,6.0,0.2409137318339174
1,nat_hiv_00086,6.0,0.00090758244233525
1,nat_hiv_00095,6.0,0.06254190487472974
1,nat_hiv_00096,0.0,0.00011978765401785262
1,nat_hiv_00103,0.0,9.662404723152405e-07
1,nat_hiv_00105,4.0,1.4732501495241133
1,nat_hiv_00118,5.0,72.55658916715294
1,nat_hiv_00123,0.0,25.056904812009343
1,nat_hiv_00126,6.0,0.26233132740819737
1,nat_hiv_00127,0.0,2.7329177634139994e-05
1,nat_hiv_00132,6.0,3.8345062030276464
1,plos_hiv_00001,4.0,0.005678950961490904
1,plos_hiv_00003,4.0,0.2929815363078946
1,plos_hiv_00005,4.0,0.8448503498584893
1,plos_hiv_00008,4.0,618.5350591647307
1,plos_hiv_00009,0.0,0.17274827228947157
1,plos_hiv_00013,4.0,181.26007781471313
1,plos_hiv_00015,4.0,22.340770581197173
1,plos_hiv_00037,0.0,31988.249213914143
1,plos_hiv_00038,0.0,2893.2645017874324
1,plos_hiv_00046,4.0,0.00964650432229991
1,plos_hiv_00047,4.0,4.420362618372759
1,plos_hiv_00050,4.0,0.059405088980840175
2,flu_00001,0.0,298.18032204312186
2,flu_00003,5.0,7.9528870975930195
2,flu_00006,6.0,1.7854654814029007
2,flu_00007,6.0,120.78414546723334
2,flu_00008,5.0,77.2463863792638
2,flu_00011,5.0,3856.466142155814
2,flu_00019,6.0,1.8444514579989604
2,flu_00029,6.0,2.7403125498401635
2,flu_00030,0.0,0.03238682613024543
2,flu_00034,0.0,0.0011588974971543779
2,flu_00035,6.0,0.6132877586080882
2,flu_00050,6.0,1.8368601716187172
2,flu_00061,5.0,0.012819443125880318
2,flu_00065,0.0,45.63808403494192
2,flu_00066,6.0,0.024912412824827646
2,flu_00067,4.0,0.9571972740080839
2,flu_00095,4.0,2.933657643743845e-06
2,flu_00101,4.0,220.13391301852272
2,flu_00105,5.0,1.2552356303412215
2,flu_00107,5.0,0.06380600634016004
2,flu_00109,5.0,0.0006765622091373002
2,flu_00110,4.0,1863.113381515443
2,flu_00113,5.0,0.8453514656234673
2,flu_00121,6.0,2.8095067709773542
2,flu_00128,5.0,16.72436129017886
2,flu_00132,0.0,0.0004352640149352817
2,flu_00146,6.0,0.20757661291813664
2,flu_00147,6.0,0.3771389837752089
2,flu_00162,6.0,14.47095342789062
2,flu_00170,0.0,0.005700454163993034
2,flu_00184,0.0,2.9629219473507467e-05
2,flu_00185,0.0,1570787.2020881842
2,flu_00186,0.0,0.019338639885148255
2,flu_00188,0.0,0.0018907291604037398
2,flu_00195,6.0,0.02620748952258799
2,flu_00200,0.0,1.0551945172311827e-05
2,flu_00201,0.0,1.7919282257093765
2,flu_00205,0.0,0.0021974700376015096
2,flu_00212,0.0,4.738567532286019
2,flu_00224,0.0,0.0010575870274263882
2,flu_00229,0.0,0.021279042307550244
2,flu_00232,6.0,7.838868297197937e-05
2,flu_00233,5.0,0.006630209030083682
2,flu_00244,0.0,0.3024576569629825
2,flu_00249,0.0,8.269844004135417e-05
2,flu_00261,0.0,9.888226655580599
2,flu_00262,6.0,0.07449747035160614
2,flu_00266,6.0,0.2469326889548301
2,flu_00281,5.0,1.5317000563619203
2,flu_00287,0.0,2424.756189301422
2,flu_00291,5.0,0.3126913264532759
2,flu_00292,4.0,0.004659495542509865
2,flu_00306,4.0,0.145445708926827
2,flu_00311,5.0,0.00037169666823639273
2,flu_00324,0.0,0.0005756999969520191
2,flu_00326,0.0,0.9019664810366909
2,flu_00348,0.0,0.0019106708536267873
2,flu_00355,0.0,0.06595271773967368
2,flu_00357,0.0,0.006171658888738393
2,gut_hiv_00017,0.0,0.0004247678552043252
2,gut_hiv_00021,0.0,60.77063837226027
2,gut_hiv_00023,0.0,0.018455773180929013
2,gut_hiv_00035,4.0,2.1657341157648977
2,gut_hiv_00041,0.0,234.9569059271732
2,gut_hiv_00054,0.0,0.01225503535341459
2,gut_hiv_00067,4.0,8.20463425944682
2,gut_hiv_00068,0.0,39.71419685475263
2,gut_hiv_00070,0.0,0.002453507878987216
2,mouse_iga_00003,0.0,0.010124094145246587
2,mouse_iga_00005,0.0,0.06839715603009121
2,mouse_iga_00008,0.0,3.5725312887573146
2,mouse_iga_00010,0.0,0.003278307346559745
2,mouse_iga_00020,7.0,0.002126824865088017
2,mouse_iga_00026,0.0,2.7921082378052624
2,mouse_iga_00027,0.0,13.63501007127944
2,mouse_iga_00028,0.0,0.5713478556286096
2,mouse_iga_00032,7.0,2.641135247983399
2,mouse_iga_00047,0.0,5.1019116654852255
2,mouse_iga_00048,0.0,0.056472920255319796
2,mouse_iga_00055,7.0,0.11234314407262141
2,mouse_iga_00057,0.0,0.010672720406843198
2,mouse_iga_00059,7.0,0.08994688687709423
2,mouse_iga_00061,0.0,0.1329349882120943
2,mouse_iga_00067,7.0,0.002803430168758077
2,mouse_iga_00078,0.0,0.9490109883776394
2,mouse_iga_00079,0.0,0.2609166350901722
2,mouse_iga_00104,0.0,1.0637825155154463
2,mouse_iga_00110,0.0,0.9208336294986327
2,mouse_iga_00124,7.0,0.23034773920477816
2,mouse_iga_00129,0.0,26.129789297376895
2,mouse_iga_00130,7.0,5.657585229867612
2,mouse_iga_00133,0.0,0.024238861972436413
2,mouse_iga_00139,7.0,0.23047869707505622
2,mouse_iga_00140,0.0,0.030476413452573282
2,mouse_iga_00142,7.0,10.111456478470664
2,mouse_iga_00149,0.0,0.0210304181945518
2,mouse_iga_00151,7.0,0.15781799087386278
2,mouse_iga_00162,7.0,19.19529675210846
2,mouse_iga_00164,0.0,0.010204310287402573
2,mouse_iga_00165,0.0,0.17333472765793353
2,mouse_iga_00168,7.0,213.23186138840586
2,mouse_iga_00178,0.0,2.834909968872356
2,mouse_iga_00181,7.0,0.17518435687390757
2,mouse_iga_00186,7.0,0.5763959086155134
2,mouse_iga_00190,7.0,16.198247005564085
2,mouse_iga_00201,0.0,1.9638746372579838
2,mouse_iga_00207,7.0,0.23016575255114072
2,mouse_iga_00213,0.0,0.014922433630047938
2,mouse_iga_00218,7.0,0.6213942629173487
2,mouse_iga_00222,0.0,0.31476325383452797
2,mouse_iga_00223,7.0,0.16786240537944924
2,mouse_iga_00225,0.0,0.6625150504013647
2,mouse_iga_00227,0.0,0.46489407781005454
2,mouse_iga_00228,7.0,5.231440117441939
2,mouse_iga_00231,7.0,3.02214117759878
2,mouse_iga_00243,7.0,2.890164389565738
2,mouse_iga_00244,0.0,3.4787341590950334
2,mouse_iga_00247,0.0,0.05628272983229142
2,mouse_iga_00254,0.0,0.32580023890337917
2,mouse_iga_00257,7.0,0.07469297122896605
2,mouse_iga_00258,0.0,0.003730840519630681
2,mouse_iga_00267,0.0,0.05195293953478529
2,mouse_iga_00268,0.0,0.6279492677855598
2,mouse_iga_00280,0.0,3.4213064253269256
2,mouse_iga_00284,7.0,133.8799573230723
2,mouse_iga_00285,7.0,0.7628915804796171
2,mouse_iga_00287,7.0,0.06571077236151467
2,mouse_iga_00290,0.0,294.8815233464915
2,mouse_iga_00298,7.0,3.821556868951254
2,mouse_iga_00299,0.0,15.754445686644706
2,mouse_iga_00311,7.0,5.7754843995480964
2,mouse_iga_00313,0.0,0.18223886621978302
2,mouse_iga_00316,7.0,4.670607614134686e-06
2,mouse_iga_00317,0.0,11.081677386210483
2,mouse_iga_00320,7.0,50.93740838045064
2,mouse_iga_00321,7.0,0.0017808455710713246
2,mouse_iga_00325,0.0,999.3039697788338
2,mouse_iga_00339,0.0,3.264030407781671
2,mouse_iga_00350,0.0,4.372021604923862
2,mouse_iga_00361,7.0,0.04728380703445126
2,mouse_iga_00374,7.0,16.716009174585167
2,mouse_iga_00375,7.0,0.007487995559706981
2,mouse_iga_00384,0.0,0.017719822185840405
2,mouse_iga_00386,7.0,35.412305718572426
2,mouse_iga_00394,7.0,1.0885138935765768
2,mouse_iga_00395,7.0,3.3219244883980434
2,mouse_iga_00397,7.0,21.2415792048719
2,mouse_iga_00408,0.0,1.1177900035682127
2,mouse_iga_00412,0.0,1.240060848061129
2,mouse_iga_00425,7.0,10.645097845074373
2,mouse_iga_00457,0.0,2.967894559481108
2,mouse_iga_00458,0.0,0.476302123890035
2,mouse_iga_00463,0.0,0.9918676621613812
2,mouse_iga_00471,7.0,0.242053082370705
2,mouse_iga_00476,7.0,35.90004071809362
2,nat_cntrl_00015,0.0,0.002406338076352132
2,nat_cntrl_00017,0.0,1.1660002174876283
2,nat_cntrl_00018,0.0,0.005609164555688598
2,nat_hiv_00000,6.0,0.1383321676388361
2,nat_hiv_00012,0.0,0.0040439795841878436
2,nat_hiv_00024,5.0,1574.5257643849066
2,nat_hiv_00029,4.0,554.3733915506793
2,nat_hiv_00030,0.0,7.00298356034582
2,nat_hiv_00033,0.0,0.5513547813749453
2,nat_hiv_00039,5.0,1.9583688400176533
2,nat_hiv_00043,5.0,0.1650179479712622
2,nat_hiv_00048,0.0,43.97019199683083
2,nat_hiv_00049,5.0,422.29387179664485
2,nat_hiv_00050,6.0,229.3636318610607
2,nat_hiv_00059,6.0,630.8859700424732
2,nat_hiv_00073,5.0,0.004335375154033225
2,nat_hiv_00080,5.0,0.16434836823057974
2,nat_hiv_00081,6.0,0.0014416733810172198
2,nat_hiv_00085,6.0,0.09561962245380339
2,nat_hiv_00087,6.0,0.00017589889397720632
2,nat_hiv_00090,6.0,1.6174748469963425
2,nat_hiv_00093,6.0,0.024112967118255297
2,nat_hiv_00097,0.0,0.7691360175810185
2,nat_hiv_00099,0.0,0.00022839644018891176
2,nat_hiv_00106,4.0,278.0788577909767
2,nat_hiv_00107,6.0,1141.3159949900942
2,nat_hiv_00111,4.0,0.0008847604614973481
2,nat_hiv_00112,6.0,0.2246527206892807
2,nat_hiv_00117,6.0,304.50260294048644
2,nat_hiv_00125,0.0,0.25379824427925685
2,plos_hiv_00012,4.0,0.011958114569629296
2,plos_hiv_00014,4.0,22.667984480924154
2,plos_hiv_00016,0.0,9.769265429167109e-06
2,plos_hiv_00026,0.0,1003.9417274607536
2,plos_hiv_00030,4.0,0.05099302222327541
2,plos_hiv_00031,4.0,2.1985645378717157e-05
2,plos_hiv_00041,4.0,73.6720801734524
2,plos_hiv_00042,0.0,0.004816353514943311
2,plos_hiv_00045,4.0,0.21700194507093354
3,flu_00004,4.0,6.115210328534328
3,flu_00010,6.0,0.11147026380617688
3,flu_00012,4.0,9.963768400402994e-19
3,flu_00013,5.0,1.0855453859165507
3,flu_00016,6.0,0.025910394583847335
3,flu_00018,6.0,0.07442355117835717
3,flu_00020,6.0,27.097324432617892
3,flu_00026,6.0,0.32792057302655275
3,flu_00045,6.0,30.03415870330808
3,flu_00051,6.0,0.00263609017665684
3,flu_00052,6.0,0.01607930226823873
3,flu_00055,0.0,4.718603610711227e-05
3,flu_00060,0.0,3.524170757601298
3,flu_00068,0.0,0.007167524289887354
3,flu_00079,0.0,0.8665910946993668
3,flu_00089,0.0,1.5950868693417847e-08
3,flu_00102,5.0,0.004507715253691202
3,flu_00103,5.0,17.177170196666257
3,flu_00111,6.0,3.050625471204236e-05
3,flu_00120,5.0,177.44058103815235
3,flu_00123,6.0,1.3585615860058415
3,flu_00124,5.0,8.234811369989309
3,flu_00125,6.0,1026619.5217695486
3,flu_00131,6.0,40.739850706898416
3,flu_00136,5.0,53.73475645462778
3,flu_00151,6.0,0.002424956864800107
3,flu_00152,6.0,0.011770589983594613
3,flu_00159,5.0,3.095472382866703
3,flu_00161,0.0,29.312229112136343
3,flu_00169,0.0,30067.807424415994
3,flu_00178,0.0,1.1468364854671689e-05
3,flu_00198,0.0,8.363183810347161e-06
3,flu_00206,0.0,1.880348842212649e-07
3,flu_00210,0.0,1.1226195903918934e-08
3,flu_00211,4.0,0.006911725697828858
3,flu_00223,4.0,59.506910224992666
3,flu_00227,0.0,66.21011869633566
3,flu_00235,5.0,180.26698514751203
3,flu_00236,0.0,0.03956037936052139
3,flu_00237,0.0,335.77161305247256
3,flu_00238,6.0,0.010337278304728996
3,flu_00240,0.0,0.7681816029837132
3,flu_00245,0.0,0.008882645494212036
3,flu_00254,0.0,0.10598377334533074
3,flu_00264,5.0,1.3370805781280004
3,flu_00277,0.0,57.256837588459
3,flu_00316,6.0,93.55984978635297
3,flu_00318,6.0,376.41490353145656
3,flu_00320,6.0,0.005447974538942329
3,flu_00353,0.0,2.838004606257803e-07
3,flu_00354,0.0,4.032807894222166e-06
3,flu_00371,0.0,0.11044635333059745
3,flu_00375,5.0,10.469011772269678
3,flu_00376,6.0,1693.0252300992818
3,gut_hiv_00007,4.0,1.3002815529658875
3,gut_hiv_00008,0.0,0.00019045682882692583
3,gut_hiv_00019,0.0,0.02548431240529145
3,gut_hiv_00026,0.0,0.008794888019160979
3,gut_hiv_00029,0.0,260.1924012859703
3,gut_hiv_00030,4.0,19.465079116859215
3,gut_hiv_00039,0.0,9.982129148253593e-05
3,gut_hiv_00045,0.0,0.00028345727488211575
3,gut_hiv_00046,0.0,0.6985952491686515
3,gut_hiv_00048,0.0,31.14943087631821
3,gut_hiv_00051,0.0,0.014781187749941962
3,gut_hiv_00072,0.0,0.017146445963985957
3,mouse_iga_00014,0.0,0.11355103292571231
3,mouse_iga_00018,0.0,4.273766261900508
3,mouse_iga_00023,7.0,67.55160006801363
3,mouse_iga_00029,0.0,1.33725888554257
3,mouse_iga_00030,0.0,14.914497328234313
3,mouse_iga_00034,0.0,0.3856820368512306
3,mouse_iga_00035,0.0,0.5323219848932494
3,mouse_iga_00045,7.0,0.10589442659479284
3,mouse_iga_00049,0.0,0.03652798816095896
3,mouse_iga_00050,7.0,0.08289288987735899
3,mouse_iga_00052,7.0,2.320103750826898
3,mouse_iga_00056,7.0,7.152437185145174
3,mouse_iga_00063,7.0,12.01108611736638
3,mouse_iga_00064,0.0,1.1359170443962994
3,mouse_iga_00065,0.0,0.06740141833248435
3,mouse_iga_00072,7.0,0.0016181320046790074
3,mouse_iga_00080,7.0,2.474320920736038
3,mouse_iga_00087,0.0,0.0038005352443935166
3,mouse_iga_00090,7.0,1.4524195620021612
3,mouse_iga_00093,7.0,2.3665816835543163
3,mouse_iga_00094,7.0,3.324419293749916e-05
3,mouse_iga_00096,7.0,4.7100243727254165e-05
3,mouse_iga_00097,7.0,234.84908840816513
3,mouse_iga_00106,0.0,0.06142404129461526
3,mouse_iga_00108,7.0,1.0759112053039335
3,mouse_iga_00111,0.0,6.516539619281025
3,mouse_iga_00115,7.0,0.05598501066391127
3,mouse_iga_00116,0.0,0.04976902076035411
3,mouse_iga_00126,0.0,0.006094264027765534
3,mouse_iga_00131,0.0,6.44071981443794
3,mouse_iga_00134,0.0,0.07871696820473334
3,mouse_iga_00143,0.0,0.03421935433538847
3,mouse_iga_00144,7.0,2.4108206923877895
3,mouse_iga_00145,0.0,0.1166116825570866
3,mouse_iga_00146,7.0,3.596641400693738
3,mouse_iga_00156,0.0,0.058311322255336064
3,mouse_iga_00167,7.0,6.631666458659425
3,mouse_iga_00170,7.0,0.24959504176673697
3,mouse_iga_00173,7.0,1.2160956873570479
3,mouse_iga_00179,0.0,30.889991266298235
3,mouse_iga_00183,0.0,0.174693397117039
3,mouse_iga_00187,7.0,5.627642868383623
3,mouse_iga_00193,7.0,4.2271976455884
3,mouse_iga_00197,0.0,46.11553906696861
3,mouse_iga_00199,0.0,5.750669656804966
3,mouse_iga_00212,7.0,0.06888647049113807
3,mouse_iga_00214,0.0,2.579741696316816
3,mouse_iga_00219,7.0,2.5581584970200764
3,mouse_iga_00226,7.0,0.4080625100603279
3,mouse_iga_00232,7.0,2.0975846695346414
3,mouse_iga_00234,7.0,3593.3878106791094
3,mouse_iga_00237,0.0,0.27050294746171216
3,mouse_iga_00239,7.0,0.05603726418464041
3,mouse_iga_00241,7.0,0.7889976351333742
3,mouse_iga_00245,0.0,0.00011872841722046826
3,mouse_iga_00249,0.0,48.05931841464544
3,mouse_iga_00259,7.0,15.691704239434225
3,mouse_iga_00269,0.0,24018.91629479831
3,mouse_iga_00272,7.0,921.7269644999362
3,mouse_iga_00278,7.0,0.005334882994055798
3,mouse_iga_00283,0.0,0.0007064223869987518
3,mouse_iga_00289,7.0,4.077265463464659
3,mouse_iga_00291,7.0,3.414918532756593
3,mouse_iga_00294,0.0,16318.375061930863
3,mouse_iga_00295,7.0,1.6624599017752855
3,mouse_iga_00302,0.0,0.29213065099939123
3,mouse_iga_00305,0.0,1021.8726147763416
3,mouse_iga_00318,0.0,5.173575202469702
3,mouse_iga_00336,0.0,78.92530803691237
3,mouse_iga_00345,0.0,0.0711394040746022
3,mouse_iga_00351,7.0,0.08983718955275756
3,mouse_iga_00353,0.0,3.8807646393076656
3,mouse_iga_00354,0.0,0.21168815524288967
3,mouse_iga_00363,0.0,0.43883046993752955
3,mouse_iga_00366,7.0,1.0492347633978696
3,mouse_iga_00370,0.0,0.0029354326919919837
3,mouse_iga_00379,0.0,0.08565784782219779
3,mouse_iga_00387,0.0,0.2529130401286846
3,mouse_iga_00390,0.0,0.02897976591036862
3,mouse_iga_00410,0.0,0.28528025588870964
3,mouse_iga_00413,0.0,57.2045238208894
3,mouse_iga_00414,0.0,142.99817527464253
3,mouse_iga_00415,0.0,0.008794132468913132
3,mouse_iga_00417,7.0,0.07613916532494891
3,mouse_iga_00433,7.0,0.2720098766813563
3,mouse_iga_00435,0.0,0.057887303601019145
3,mouse_iga_00437,7.0,0.08019294190846285
3,mouse_iga_00444,0.0,0.0064388180394688846
3,mouse_iga_00453,0.0,5.404241893223855
3,mouse_iga_00468,0.0,0.03994863634135623
3,mouse_iga_00479,7.0,0.04201884633940562
3,nat_cntrl_00006,0.0,0.07546503262610492
3,nat_cntrl_00011,0.0,0.11950545806201883
3,nat_cntrl_00014,0.0,0.027994009313624814
3,nat_cntrl_00020,0.0,1.8434620243066449
3,nat_cntrl_00029,0.0,0.0032384413337993765
3,nat_cntrl_00033,0.0,0.07293290414933602
3,nat_cntrl_00036,0.0,0.5351979850539348
3,nat_cntrl_00047,0.0,0.7610151188899402
3,nat_cntrl_00049,0.0,0.0013521260920010664
3,nat_hiv_00003,4.0,0.0005864887239808791
3,nat_hiv_00032,0.0,0.02315233194349195
3,nat_hiv_00034,0.0,16.13347049609131
3,nat_hiv_00045,6.0,9.527962007405335
3,nat_hiv_00051,6.0,0.004351406639382354
3,nat_hiv_00052,4.0,0.022815580362013258
3,nat_hiv_00060,4.0,1.0284545583987771e-05
3,nat_hiv_00064,6.0,0.6721914432036415
3,nat_hiv_00065,6.0,2.2879274819076048
3,nat_hiv_00079,6.0,26.350863696764364
3,nat_hiv_00091,5.0,0.053459701336729136
3,nat_hiv_00100,4.0,0.0036636683291252047
3,nat_hiv_00109,6.0,0.5591659835508271
3,nat_hiv_00114,4.0,6.636762699361175e-11
3,nat_hiv_00116,5.0,119.78422464203213
3,nat_hiv_00120,6.0,0.011809411129090756
3,nat_hiv_00128,6.0,10.55918441819814
3,plos_hiv_00000,4.0,0.042472718320465154
3,plos_hiv_00002,0.0,9.017034522131634e-05
3,plos_hiv_00007,0.0,0.1418049640920788
3,plos_hiv_00019,4.0,0.01925597919057705
3,plos_hiv_00025,0.0,20.639899846267166
3,plos_hiv_00027,4.0,0.0032110769342039536
3,plos_hiv_00029,4.0,0.023876147206011042
3,plos_hiv_00035,0.0,0.00014939332614143355
3,plos_hiv_00040,4.0,22.865036076608366
3,plos_hiv_00043,4.0,0.30306038102554106
3,plos_hiv_00051,4.0,1.0736387855149094
4,flu_00009,4.0,0.00018320982537453457
4,flu_00017,4.0,126.52305751428882
4,flu_00032,6.0,3.19768624520938
4,flu_00043,4.0,17.332784076039655
4,flu_00044,6.0,2.2186934213340628e-08
4,flu_00054,6.0,6.563327252399011
4,flu_00057,6.0,0.4125931406888512
4,flu_00064,4.0,0.39844577509649054
4,flu_00135,5.0,0.580125519112848
4,flu_00149,5.0,8.53383240238049
4,flu_00150,5.0,35.315987041875196
4,flu_00158,5.0,1696.5928413383576
4,flu_00163,4.0,527.1115182802307
4,flu_00167,0.0,1.7588719256946112e-06
4,flu_00168,5.0,0.3043709495978057
4,flu_00179,6.0,65.0035812740216
4,flu_00182,0.0,0.12819009344075077
4,flu_00199,0.0,0.04405367546418946
4,flu_00202,0.0,4.21040330493628
4,flu_00204,0.0,0.0008834630513741566
4,flu_00207,0.0,150.27799030993165
4,flu_00208,0.0,0.0008379529625418429
4,flu_00209,0.0,0.022398928609065897
4,flu_00214,0.0,0.0069191954356510165
4,flu_00222,0.0,0.03606558443033499
4,flu_00231,4.0,3.193082678959958
4,flu_00242,0.0,5.2878768834091066
4,flu_00246,0.0,0.009552743461195268
4,flu_00251,0.0,0.00435894840001663
4,flu_00258,5.0,0.010276537940840581
4,flu_00263,0.0,0.0010284379513198153
4,flu_00269,5.0,4.3516677478629255e-05
4,flu_00276,0.0,2.7489173871320898e-09
4,flu_00285,0.0,0.040769541434669265
4,flu_00309,4.0,0.019498855400747844
4,flu_00321,6.0,27.71963973552866
4,flu_00322,6.0,1.1572844668336757
4,flu_00323,0.0,0.00427650573609506
4,flu_00327,6.0,27.45965013598087
4,flu_00342,0.0,6354.120477099696
4,flu_00344,0.0,4.41352320567183e-08
4,flu_00372,0.0,0.059990699085783514
4,gut_hiv_00002,4.0,0.0006571190507337995
4,gut_hiv_00005,0.0,5.2338850728087286e-05
4,gut_hiv_00010,0.0,6.305163673853666e-06
4,gut_hiv_00018,0.0,6.218233319149847
4,gut_hiv_00025,0.0,7.180553010193671
4,gut_hiv_00040,0.0,598.7806187438207
4,gut_hiv_00043,0.0,0.004283616143445657
4,gut_hiv_00044,4.0,4.489874476717644e-05
4,gut_hiv_00057,0.0,0.00043072818014801333
4,gut_hiv_00065,4.0,209.81781272336886
4,gut_hiv_00069,0.0,1.3780141194562398e-05
4,gut_hiv_00071,0.0,0.25503496814883975
4,mouse_iga_00011,0.0,75.95518528662542
4,mouse_iga_00016,0.0,0.20885271460770755
4,mouse_iga_00019,0.0,0.021489635352032205
4,mouse_iga_00043,0.0,0.1702040456325234
4,mouse_iga_00044,0.0,0.07073632285701123
4,mouse_iga_00054,0.0,0.0037242507573263684
4,mouse_iga_00060,0.0,0.17017870503808305
4,mouse_iga_00070,7.0,108.7156467571047
4,mouse_iga_00071,0.0,0.26849196382870666
4,mouse_iga_00073,0.0,0.24462988355839443
4,mouse_iga_00081,0.0,18.222031179645032
4,mouse_iga_00083,0.0,0.5292730417012517
4,mouse_iga_00098,0.0,0.032791905280019205
4,mouse_iga_00101,0.0,9.481748449493715
4,mouse_iga_00102,0.0,0.12596694903346684
4,mouse_iga_00109,0.0,111.78240035158623
4,mouse_iga_00113,0.0,1.2244953563881145
4,mouse_iga_00114,7.0,1.5747386899006517
4,mouse_iga_00118,7.0,1.2959632791162246
4,mouse_iga_00120,0.0,0.0007169706630086
4,mouse_iga_00137,0.0,0.0019372903879551148
4,mouse_iga_00138,0.0,0.018857230416833532
4,mouse_iga_00141,0.0,0.04408123052730286
4,mouse_iga_00152,0.0,0.10975363304472645
4,mouse_iga_00163,0.0,89.84578137504306
4,mouse_iga_00169,0.0,0.002118905776696837
4,mouse_iga_00172,7.0,0.014762691218155231
4,mouse_iga_00180,7.0,137.30997954620352
4,mouse_iga_00188,0.0,10.536769087988354
4,mouse_iga_00196,7.0,0.7495581193950133
4,mouse_iga_00203,7.0,0.7839288055252365
4,mouse_iga_00205,0.0,0.9933007007129773
4,mouse_iga_00209,0.0,26.73602092470691
4,mouse_iga_00211,7.0,0.04767503712819697
4,mouse_iga_00215,7.0,4.954475755550339
4,mouse_iga_00217,7.0,3.4310795797374216
4,mouse_iga_00250,7.0,45.170287572831896
4,mouse_iga_00256,0.0,0.0014953603008264894
4,mouse_iga_00271,0.0,1.9137988145032612
4,mouse_iga_00279,7.0,0.021999322479312196
4,mouse_iga_00286,0.0,2.160838594863051e-05
4,mouse_iga_00296,0.0,1.0645523536521437
4,mouse_iga_00307,7.0,0.03360732420585943
4,mouse_iga_00308,0.0,0.01545311984798556
4,mouse_iga_00309,7.0,0.4472302229568774
4,mouse_iga_00310,0.0,0.12353327268575513
4,mouse_iga_00319,0.0,0.008105319416996515
4,mouse_iga_00323,7.0,1.1901160359162435
4,mouse_iga_00324,0.0,0.004156800526379618
4,mouse_iga_00327,0.0,0.23134771972566856
4,mouse_iga_00332,7.0,0.13413231002043452
4,mouse_iga_00333,7.0,0.007575009339417213
4,mouse_iga_00337,7.0,877.9352913254316
4,mouse_iga_00338,0.0,0.011136333517737199
4,mouse_iga_00340,7.0,0.3895213742097208
4,mouse_iga_00341,7.0,27.028868643115473
4,mouse_iga_00342,0.0,0.4858804103969114
4,mouse_iga_00346,7.0,0.009398646909931845
4,mouse_iga_00349,0.0,0.0013700106524581757
4,mouse_iga_00352,7.0,41.29211733671852
4,mouse_iga_00359,7.0,9.958280340995728
4,mouse_iga_00360,7.0,18.38224064614707
4,mouse_iga_00365,7.0,4.440565353458153
4,mouse_iga_00367,7.0,2.719313980438812
4,mouse_iga_00372,7.0,0.7032052034463777
4,mouse_iga_00378,7.0,0.00029378991464845396
4,mouse_iga_00380,0.0,0.0001270675973695193
4,mouse_iga_00381,7.0,0.3504766982975329
4,mouse_iga_00382,0.0,1.6179684078397711
4,mouse_iga_00389,7.0,0.2266555249320797
4,mouse_iga_00391,7.0,0.4328265066194436
4,mouse_iga_00393,7.0,33.906395544601665
4,mouse_iga_00398,0.0,3.4608894495830484
4,mouse_iga_00399,0.0,9.813133925928666
4,mouse_iga_00405,7.0,7.838339873899459
4,mouse_iga_00411,7.0,8.297605328714644
4,mouse_iga_00418,7.0,1.9563257634271543
4,mouse_iga_00422,0.0,0.7629526387887132
4,mouse_iga_00424,0.0,0.0024575438784485474
4,mouse_iga_00431,7.0,0.0039649253947099125
4,mouse_iga_00434,7.0,5.958702080021436
4,mouse_iga_00438,7.0,1.9923635270459694
4,mouse_iga_00439,0.0,0.610182309241747
4,mouse_iga_00445,7.0,140.36840296045452
4,mouse_iga_00447,0.0,13.21665612722922
4,mouse_iga_00448,7.0,0.003940686210051321
4,mouse_iga_00450,7.0,0.21686642493415387
4,mouse_iga_00456,0.0,0.04504897266539446
4,mouse_iga_00459,0.0,0.4735515521471812
4,mouse_iga_00460,0.0,0.7141439089725785
4,mouse_iga_00462,0.0,0.4515592347433064
4,mouse_iga_00464,0.0,1.3834786149061261e-05
4,mouse_iga_00465,7.0,16.124570566281534
4,mouse_iga_00470,0.0,1.3083331691292734
4,mouse_iga_00473,0.0,9.692312798845414e-08
4,nat_cntrl_00008,0.0,7.087126718173803e-08
4,nat_cntrl_00009,0.0,6.608736378041026
4,nat_cntrl_00016,0.0,0.05284500660908063
4,nat_cntrl_00024,5.0,0.5710760280036595
4,nat_cntrl_00031,6.0,0.08606293760543451
4,nat_hiv_00006,6.0,14.737645820509972
4,nat_hiv_00007,6.0,0.18247279454117016
4,nat_hiv_00009,5.0,0.22825365596745759
4,nat_hiv_00010,4.0,0.0001580187262340074
4,nat_hiv_00013,0.0,0.07886738772889022
4,nat_hiv_00018,5.0,0.001107144672007539
4,nat_hiv_00021,5.0,723.9463021671047
4,nat_hiv_00022,0.0,0.014502932490778452
4,nat_hiv_00023,6.0,0.26682606439083895
4,nat_hiv_00037,6.0,0.27370249448853956
4,nat_hiv_00044,5.0,61.372545792036455
4,nat_hiv_00053,5.0,0.04372838431953654
4,nat_hiv_00066,6.0,0.04991770347973818
4,nat_hiv_00070,5.0,0.04184168789690114
4,nat_hiv_00072,0.0,2.9924279174240098e-05
4,nat_hiv_00074,5.0,0.46354274813992324
4,nat_hiv_00076,6.0,0.004847780735832263
4,nat_hiv_00083,5.0,3.059837788324117e-07
4,nat_hiv_00088,6.0,4.397473854217646
4,nat_hiv_00092,6.0,1.409311738431178e-05
4,nat_hiv_00094,6.0,16207813.141564693
4,nat_hiv_00098,5.0,0.00022642235762612538
4,nat_hiv_00110,4.0,218.58184729729362
4,nat_hiv_00113,5.0,5326.487748955564
4,nat_hiv_00129,5.0,0.42955945480362906
4,nat_hiv_00131,5.0,2143.16911666241
4,plos_hiv_00004,4.0,114.72678493761441
4,plos_hiv_00006,0.0,51.99765880684445
4,plos_hiv_00011,4.0,0.5109758178650843
4,plos_hiv_00017,0.0,0.020563971288242115
4,plos_hiv_00018,4.0,0.2387594179250588
4,plos_hiv_00020,0.0,0.07826797803663965
4,plos_hiv_00021,4.0,218551.97960429825
4,plos_hiv_00022,4.0,0.0021707835179843116
4,plos_hiv_00023,0.0,0.6334335522780538
4,plos_hiv_00024,0.0,0.00033643750557754134
4,plos_hiv_00033,4.0,41.71480245058611
4,plos_hiv_00036,4.0,0.2022655607781333
4,plos_hiv_00039,4.0,426.8689691034925
4,plos_hiv_00049,4.0,0.03534464768530797
5,flu_00002,0.0,0.07194110257973205
5,flu_00005,6.0,0.09143234847692495
5,flu_00014,0.0,452.87957418747555
5,flu_00015,6.0,10.93425817578175
5,flu_00022,5.0,1292.1512400670279
5,flu_00024,5.0,89.90932178292967
5,flu_00033,6.0,0.024020971155911307
5,flu_00039,6.0,0.08407826481490305
5,flu_00041,6.0,0.9529076076954522
5,flu_00042,6.0,7.382333979363958
5,flu_00049,0.0,0.026168649707384015
5,flu_00056,0.0,0.04137775369600975
5,flu_00062,6.0,0.0005687974711638309
5,flu_00072,5.0,0.12064368057568321
5,flu_00081,0.0,0.009122774075056923
5,flu_00083,0.0,1.166903849323829e-05
5,flu_00099,6.0,343.79138933407216
5,flu_00108,6.0,0.10145762038700759
5,flu_00114,5.0,20.419945293405533
5,flu_00118,5.0,1.0060289416712433
5,flu_00122,6.0,0.008767802831257322
5,flu_00126,6.0,0.010312818432626337
5,flu_00129,0.0,0.26922870668475046
5,flu_00130,0.0,3.0761869915070688
5,flu_00134,0.0,5.833183708518254e-06
5,flu_00137,4.0,0.0016545602333199194
5,flu_00138,0.0,0.0010066694541947068
5,flu_00166,5.0,1005.0450136839926
5,flu_00180,0.0,9.251509313243101e-06
5,flu_00183,0.0,0.018327266984788954
5,flu_00187,0.0,0.021782096369023736
5,flu_00193,0.0,0.0004107359131940324
5,flu_00213,6.0,9.394572451369685
5,flu_00217,6.0,1.3650182201181855e-06
5,flu_00218,0.0,0.00025939089585370325
5,flu_00219,5.0,529.9322909704395
5,flu_00226,0.0,3.2870246124930245e-07
5,flu_00230,0.0,238.71797567636204
5,flu_00253,0.0,0.0015721081673532812
5,flu_00256,5.0,2754.573289348197
5,flu_00260,6.0,0.04249198266155092
5,flu_00274,0.0,4.190150920012408e-08
5,flu_00275,0.0,387.23796230307636
5,flu_00282,0.0,0.005010788135463155
5,flu_00284,0.0,8.475192987926745
5,flu_00298,6.0,0.00553433069210399
5,flu_00303,0.0,45.877922139713014
5,flu_00304,0.0,0.08084366190688812
5,flu_00331,4.0,0.09906651592586578
5,flu_00359,0.0,0.0002613459774131094
5,flu_00361,0.0,0.0003472012595918871
5,flu_00363,0.0,147.2208810899796
5,flu_00366,0.0,74.68435346687265
5,gut_hiv_00000,0.0,1.2270647291390234e-06
5,gut_hiv_00001,0.0,0.002047416054411846
5,gut_hiv_00027,0.0,0.029879059192376756
5,gut_hiv_00028,0.0,0.008533413887025354
5,gut_hiv_00034,0.0,39.53743578041138
5,gut_hiv_00037,0.0,0.0003123896591809695
5,gut_hiv_00050,4.0,0.49150726116894866
5,gut_hiv_00059,4.0,4.4724978233924776e-08
5,mouse_iga_00002,0.0,97.14206632058854
5,mouse_iga_00007,7.0,1.5541653506395146
5,mouse_iga_00009,7.0,0.34489763547158897
5,mouse_iga_00024,7.0,0.006028896061313023
5,mouse_iga_00031,7.0,31.575971694921467
5,mouse_iga_00033,0.0,2.6126282689214695
5,mouse_iga_00037,0.0,0.011850266546006651
5,mouse_iga_00041,7.0,0.09351191652328592
5,mouse_iga_00062,0.0,0.12481046958807798
5,mouse_iga_00068,0.0,1.8206184896223419
5,mouse_iga_00075,7.0,0.24106967584393896
5,mouse_iga_00076,0.0,0.3734958997269177
5,mouse_iga_00082,0.0,0.3205204021182969
5,mouse_iga_00084,0.0,0.0023271533246133603
5,mouse_iga_00086,0.0,2.074534065366724
5,mouse_iga_00088,0.0,0.07929044822786752
5,mouse_iga_00089,0.0,0.7278830050168602
5,mouse_iga_00095,0.0,0.8429079923169956
5,mouse_iga_00100,0.0,0.38189085709778126
5,mouse_iga_00105,7.0,0.6157268224441914
5,mouse_iga_00112,0.0,0.3337050904735464
5,mouse_iga_00117,0.0,2.6449514933655576
5,mouse_iga_00127,0.0,0.44212222607098295
5,mouse_iga_00135,0.0,24.071596471666123
5,mouse_iga_00154,0.0,0.02728442016477081
5,mouse_iga_00155,7.0,14.717512071866448
5,mouse_iga_00158,7.0,382.16715034559195
5,mouse_iga_00159,0.0,0.11512790175582714
5,mouse_iga_00160,0.0,0.3240591532324376
5,mouse_iga_00161,7.0,0.47346041906891784
5,mouse_iga_00166,7.0,2.27666929157073
5,mouse_iga_00171,7.0,0.005052295497637493
5,mouse_iga_00174,7.0,11.309968294891213
5,mouse_iga_00175,7.0,3.0315795674793587e-05
5,mouse_iga_00176,7.0,15.454783987320631
5,mouse_iga_00184,0.0,238.77724481999863
5,mouse_iga_00189,7.0,0.07313336024326973
5,mouse_iga_00191,7.0,0.03403280865244588
5,mouse_iga_00192,0.0,0.00472542436104916
5,mouse_iga_00198,7.0,9.035155448716365
5,mouse_iga_00202,0.0,0.18470072142977315
5,mouse_iga_00204,0.0,0.004912627888070679
5,mouse_iga_00208,7.0,0.4909876933313179
5,mouse_iga_00210,7.0,5.375306203091107
5,mouse_iga_00220,7.0,0.4716025836687039
5,mouse_iga_00224,0.0,0.02715353881506852
5,mouse_iga_00240,7.0,44.233390542477174
5,mouse_iga_00246,0.0,1510.031527737791
5,mouse_iga_00253,0.0,0.39080095033697365
5,mouse_iga_00255,7.0,0.12998409052360488
5,mouse_iga_00260,7.0,64.50623672703327
5,mouse_iga_00261,7.0,9.121629864219915e-05
5,mouse_iga_00262,0.0,0.046086880652979736
5,mouse_iga_00263,7.0,0.013799902467604437
5,mouse_iga_00264,0.0,0.7812120756559076
5,mouse_iga_00265,0.0,3.116892112050135
5,mouse_iga_00266,0.0,0.011375298435298999
5,mouse_iga_00273,0.0,0.010516980094806786
5,mouse_iga_00274,0.0,0.15838571064491874
5,mouse_iga_00277,0.0,1.7399608005488385
5,mouse_iga_00292,7.0,4.34100129938358
5,mouse_iga_00300,7.0,0.04947890693703185
5,mouse_iga_00312,7.0,2.996346153580093
5,mouse_iga_00314,7.0,3.2322486096904295
5,mouse_iga_00343,7.0,4.314236061807903
5,mouse_iga_00347,7.0,3.1143503176535647
5,mouse_iga_00348,7.0,1.517495463228679
5,mouse_iga_00355,0.0,0.14139908638180135
5,mouse_iga_00362,0.0,3.438915504269486
5,mouse_iga_00364,0.0,5.252862669915406
5,mouse_iga_00376,7.0,4.796109168434029
5,mouse_iga_00383,0.0,0.2061159406049178
5,mouse_iga_00385,7.0,1.4143427877558212
5,mouse_iga_00388,0.0,4.803762862161973
5,mouse_iga_00392,7.0,0.19947644553118773
5,mouse_iga_00400,0.0,0.4860246363951522
5,mouse_iga_00401,7.0,2.075826417610725
5,mouse_iga_00402,0.0,2.853723116036838e-06
5,mouse_iga_00403,7.0,19.48821396731126
5,mouse_iga_00404,7.0,1.3132281755361161e-05
5,mouse_iga_00421,0.0,126.30706911609133
5,mouse_iga_00426,7.0,1.002341689018122
5,mouse_iga_00427,0.0,0.30003725415521076
5,mouse_iga_00429,7.0,0.5021348897202464
5,mouse_iga_00430,0.0,0.5632048438763472
5,mouse_iga_00432,0.0,9.432985092807115e-05
5,mouse_iga_00436,7.0,0.4976535157227466
5,mouse_iga_00441,7.0,12.016442787337557
5,mouse_iga_00446,0.0,0.2788172404469423
5,mouse_iga_00451,7.0,0.0008576299068904743
5,mouse_iga_00452,0.0,0.000258945498377348
5,mouse_iga_00469,0.0,0.218074228189306
5,mouse_iga_00472,7.0,0.00019228564641739066
5,mouse_iga_00474,0.0,0.13573136999724375
5,mouse_iga_00475,7.0,0.41097029986240435
5,mouse_iga_00477,7.0,2.707981802412154
5,mouse_iga_00478,7.0,54.331643821900116
5,nat_cntrl_00000,0.0,8.95157444242026
5,nat_cntrl_00001,0.0,9.969499335710525
5,nat_cntrl_00007,0.0,0.2505586678989303
5,nat_cntrl_00010,0.0,0.00011906476869625836
5,nat_cntrl_00019,0.0,13.979442747550495
5,nat_cntrl_00025,6.0,0.03212235865087947
5,nat_cntrl_00040,6.0,2.1167755481562307
5,nat_cntrl_00042,5.0,0.0006493663076648551
5,nat_hiv_00004,5.0,1148.697675356655
5,nat_hiv_00008,6.0,30759.69961812607
5,nat_hiv_00011,5.0,8.520423955263349
5,nat_hiv_00015,6.0,0.00284576333756667
5,nat_hiv_00016,6.0,32.00427844966768
5,nat_hiv_00025,6.0,1.229914376639429e-05
5,nat_hiv_00028,6.0,0.9228030811847231
5,nat_hiv_00038,6.0,0.30461044712482926
5,nat_hiv_00041,6.0,33.1304494583125
5,nat_hiv_00054,0.0,0.5745240078909081
5,nat_hiv_00058,5.0,0.039253052174650215
5,nat_hiv_00063,5.0,567.8818292395665
5,nat_hiv_00067,6.0,0.1386579016685077
5,nat_hiv_00068,5.0,0.0032612655439188086
5,nat_hiv_00069,6.0,0.26593538198894756
5,nat_hiv_00075,6.0,0.017434660014529965
5,nat_hiv_00078,4.0,4497.558491038444
5,nat_hiv_00082,6.0,0.04831925903758284
5,nat_hiv_00089,6.0,0.20952012417891172
5,nat_hiv_00108,4.0,0.0006531349228811134
5,nat_hiv_00121,0.0,175.12393234152307
5,nat_hiv_00130,5.0,1.7154914965266037e-05
5,plos_hiv_00010,0.0,6.226827513365197
5,plos_hiv_00028,4.0,121.13113944386058
5,plos_hiv_00032,4.0,0.10471385987427946
5,plos_hiv_00034,0.0,3.287862746395249
5,plos_hiv_00044,4.0,250.62266918391117
5,plos_hiv_00048,4.0,52.513547941865035
